580,service_name, details,service_zowv7qjmhquvhpxczecu,0,0,
581,service_name,service_name,service_bz595r9ozjxuqzh76thf,0,0,
582,CT 3 D Reconstruction,CT 3 D Reconstruction,service_bz595r9ozjxuqzh76thf,0,0,
583,CT 3DCT,CT 3DCT,service_bz595r9ozjxuqzh76thf,0,0,
584,CT Abdomen,CT Abdomen,service_bz595r9ozjxuqzh76thf,0,0,
585,CT Abdomen and Pelvis,CT Abdomen and Pelvis,service_bz595r9ozjxuqzh76thf,0,0,
586,CT angiogram-aortici,CT angiogram-aortici,service_bz595r9ozjxuqzh76thf,0,0,
587,CT Ankel Joint Left,CT Ankel Joint Left,service_bz595r9ozjxuqzh76thf,0,0,
588,CT Ankel Joint Right,CT Ankel Joint Right,service_bz595r9ozjxuqzh76thf,0,0,
589,CT Ankle Joint,CT Ankle Joint,service_bz595r9ozjxuqzh76thf,0,0,
590,CT Ankle Joint (Plain),CT Ankle Joint (Plain),service_bz595r9ozjxuqzh76thf,0,0,
591,CT Brain,CT Brain,service_bz595r9ozjxuqzh76thf,0,0,
592,CT Brain (Plain),CT Brain (Plain),service_bz595r9ozjxuqzh76thf,0,0,
593,CT BRAIN + CONTRAST,CT BRAIN + CONTRAST,service_bz595r9ozjxuqzh76thf,0,0,
594,CT Brain Angiography,CT Brain Angiography,service_bz595r9ozjxuqzh76thf,0,0,
595,CT Brain With Sella (Plain),CT Brain With Sella (Plain),service_bz595r9ozjxuqzh76thf,0,0,
596,CT CALCIUM SCORING,CT CALCIUM SCORING,service_bz595r9ozjxuqzh76thf,0,0,
597,CT CARDIAC,CT CARDIAC,service_bz595r9ozjxuqzh76thf,0,0,
598,CT Cardiac With Coronary Vessels,CT Cardiac With Coronary Vessels,service_bz595r9ozjxuqzh76thf,0,0,
599,CT Carotid Angiography,CT Carotid Angiography,service_bz595r9ozjxuqzh76thf,0,0,
600,CT CERVICAL SPINE,CT CERVICAL SPINE,service_bz595r9ozjxuqzh76thf,0,0,
601,CT CERVICO-DORSAL SPINE,CT CERVICO-DORSAL SPINE,service_bz595r9ozjxuqzh76thf,0,0,
602,CT Chest,CT Chest,service_bz595r9ozjxuqzh76thf,0,0,
603,CT Chest (Plain),CT Chest (Plain),service_bz595r9ozjxuqzh76thf,0,0,
604,CT Chest / Abdomen and Pelvis (Plain),CT Chest / Abdomen and Pelvis (Plain),service_bz595r9ozjxuqzh76thf,0,0,
605,CT Chest / Thorax (Plain),CT Chest / Thorax (Plain),service_bz595r9ozjxuqzh76thf,0,0,
606,CT Chest with Abdomen (Plain),CT Chest with Abdomen (Plain),service_bz595r9ozjxuqzh76thf,0,0,
607,CT CRANIOFACIAL,CT CRANIOFACIAL,service_bz595r9ozjxuqzh76thf,0,0,
608,CT DORSAL SPINE,CT DORSAL SPINE,service_bz595r9ozjxuqzh76thf,0,0,
609,CT DORSO-LUMAR SPINE,CT DORSO-LUMAR SPINE,service_bz595r9ozjxuqzh76thf,0,0,
610,CT Elbow,CT Elbow,service_bz595r9ozjxuqzh76thf,0,0,
611,CT Elbow (Plain),CT Elbow (Plain),service_bz595r9ozjxuqzh76thf,0,0,
612,CT Elbow Left,CT Elbow Left,service_bz595r9ozjxuqzh76thf,0,0,
613,CT Elbow Right,CT Elbow Right,service_bz595r9ozjxuqzh76thf,0,0,
614,CT Extended Peripheral Angiography,CT Extended Peripheral Angiography,service_bz595r9ozjxuqzh76thf,0,0,
615,CT Extremity (Plain),CT Extremity (Plain),service_bz595r9ozjxuqzh76thf,0,0,
616,CT Extremity (Plain+Contrast),CT Extremity (Plain+Contrast),service_bz595r9ozjxuqzh76thf,0,0,
617,CT FINGER,CT FINGER,service_bz595r9ozjxuqzh76thf,0,0,
618,CT GUIDED BIOPSY,CT GUIDED BIOPSY,service_bz595r9ozjxuqzh76thf,0,0,
619,CT Hand,CT Hand,service_bz595r9ozjxuqzh76thf,0,0,
620,CT Hand (Plain),CT Hand (Plain),service_bz595r9ozjxuqzh76thf,0,0,
621,CT Hand Left,CT Hand Left,service_bz595r9ozjxuqzh76thf,0,0,
622,CT Hand Right,CT Hand Right,service_bz595r9ozjxuqzh76thf,0,0,
623,CT Hip Joint,CT Hip Joint,service_bz595r9ozjxuqzh76thf,0,0,
624,CT Hip Joint (Plain),CT Hip Joint (Plain),service_bz595r9ozjxuqzh76thf,0,0,
625,CT HIP JOINT LEFT,CT HIP JOINT LEFT,service_bz595r9ozjxuqzh76thf,0,0,
626,CT HIP JOINT RIGHT,CT HIP JOINT RIGHT,service_bz595r9ozjxuqzh76thf,0,0,
627,CT HR Chest,CT HR Chest,service_bz595r9ozjxuqzh76thf,0,0,
628,CT HR Chest (Plain),CT HR Chest (Plain),service_bz595r9ozjxuqzh76thf,0,0,
629,CT HR Temporal Bone,CT HR Temporal Bone,service_bz595r9ozjxuqzh76thf,0,0,
630,CT IAM Cuts Plain,CT IAM Cuts Plain,service_bz595r9ozjxuqzh76thf,0,0,
631,CT IVP / IVU,CT IVP / IVU,service_bz595r9ozjxuqzh76thf,0,0,
632,CT Joints,CT Joints,service_bz595r9ozjxuqzh76thf,0,0,
633,CT Knee,CT Knee,service_bz595r9ozjxuqzh76thf,0,0,
634,CT KNEE (LEFT),CT KNEE (LEFT),service_bz595r9ozjxuqzh76thf,0,0,
635,CT KNEE (RIGHT),CT KNEE (RIGHT),service_bz595r9ozjxuqzh76thf,0,0,
636,CT Leg,CT Leg,service_bz595r9ozjxuqzh76thf,0,0,
637,CT Leg (Plain),CT Leg (Plain),service_bz595r9ozjxuqzh76thf,0,0,
638,CT LEG LEFT,CT LEG LEFT,service_bz595r9ozjxuqzh76thf,0,0,
639,CT LEG RIGHT,CT LEG RIGHT,service_bz595r9ozjxuqzh76thf,0,0,
640,CT Lower Abdomen and Pelvis,CT Lower Abdomen and Pelvis,service_bz595r9ozjxuqzh76thf,0,0,
641,CT Lumbar Spine,CT Lumbar Spine,service_bz595r9ozjxuqzh76thf,0,0,
642,CT Mandible Bone,CT Mandible Bone,service_bz595r9ozjxuqzh76thf,0,0,
643,CT MASTDIN,CT MASTDIN,service_bz595r9ozjxuqzh76thf,0,0,
644,CT Maxilla Contrast,CT Maxilla Contrast,service_bz595r9ozjxuqzh76thf,0,0,
645,CT Maxilla Plain,CT Maxilla Plain,service_bz595r9ozjxuqzh76thf,0,0,
646,CT MAXILLOFACIAL,CT MAXILLOFACIAL,service_bz595r9ozjxuqzh76thf,0,0,
647,CT Myelogram,CT Myelogram,service_bz595r9ozjxuqzh76thf,0,0,
648,CT NASOPHARYNX,CT NASOPHARYNX,service_bz595r9ozjxuqzh76thf,0,0,
649,CT Nasopharynx & Base of Skull,CT Nasopharynx & Base of Skull,service_bz595r9ozjxuqzh76thf,0,0,
650,CT Neck,CT Neck,service_bz595r9ozjxuqzh76thf,0,0,
651,CT Neck (Plain),CT Neck (Plain),service_bz595r9ozjxuqzh76thf,0,0,
652,CT NECK + CONTRAST,CT NECK + CONTRAST,service_bz595r9ozjxuqzh76thf,0,0,
653,CT Orbit,CT Orbit,service_bz595r9ozjxuqzh76thf,0,0,
654,CT Orbit (Plain),CT Orbit (Plain),service_bz595r9ozjxuqzh76thf,0,0,
655,CT Para Nasal Sinuses (Limited),CT Para Nasal Sinuses (Limited),service_bz595r9ozjxuqzh76thf,0,0,
656,CT Pelvimetry,CT Pelvimetry,service_bz595r9ozjxuqzh76thf,0,0,
657,CT Pelvis,CT Pelvis,service_bz595r9ozjxuqzh76thf,0,0,
658,CT Pelvis (Plain),CT Pelvis (Plain),service_bz595r9ozjxuqzh76thf,0,0,
659,CT Peripheral Angiography-Lower Extremity,CT Peripheral Angiography-Lower Extremity,service_bz595r9ozjxuqzh76thf,0,0,
660,CT Peripheral Angiography-Upper Extremity,CT Peripheral Angiography-Upper Extremity,service_bz595r9ozjxuqzh76thf,0,0,
661,CT Pulmonary Angiography,CT Pulmonary Angiography,service_bz595r9ozjxuqzh76thf,0,0,
662,CT Renal Angiography,CT Renal Angiography,service_bz595r9ozjxuqzh76thf,0,0,
663,CT RIBS,CT RIBS,service_bz595r9ozjxuqzh76thf,0,0,
664,CT Sacro-iliac Joint,CT Sacro-iliac Joint,service_bz595r9ozjxuqzh76thf,0,0,
665,CT Sacro-iliac Joint (Plain),CT Sacro-iliac Joint (Plain),service_bz595r9ozjxuqzh76thf,0,0,
666,CT Scanogram,CT Scanogram,service_bz595r9ozjxuqzh76thf,0,0,
667,CT Sella Contrast,CT Sella Contrast,service_bz595r9ozjxuqzh76thf,0,0,
668,CT Sella Plain,CT Sella Plain,service_bz595r9ozjxuqzh76thf,0,0,
669,CT Shoulder Joint,CT Shoulder Joint,service_bz595r9ozjxuqzh76thf,0,0,
670,CT Shoulder Joint (Plain),CT Shoulder Joint (Plain),service_bz595r9ozjxuqzh76thf,0,0,
671,CT SHOULDER JOINT LEFT,CT SHOULDER JOINT LEFT,service_bz595r9ozjxuqzh76thf,0,0,
672,CT SHOULDER JOINT RIGHT,CT SHOULDER JOINT RIGHT,service_bz595r9ozjxuqzh76thf,0,0,
673,CT Spine,CT Spine,service_bz595r9ozjxuqzh76thf,0,0,
674,CT Spine (3 Level) Contrast,CT Spine (3 Level) Contrast,service_bz595r9ozjxuqzh76thf,0,0,
675,CT Spine (Plain),CT Spine (Plain),service_bz595r9ozjxuqzh76thf,0,0,
676,CT Spine(3 level) Plain,CT Spine(3 level) Plain,service_bz595r9ozjxuqzh76thf,0,0,
677,CT Upper Abdomen (Plain),CT Upper Abdomen (Plain),service_bz595r9ozjxuqzh76thf,0,0,
678,CT Venography,CT Venography,service_bz595r9ozjxuqzh76thf,0,0,
679,CT Wrist,CT Wrist,service_bz595r9ozjxuqzh76thf,0,0,
680,CT Wrist (Plain),CT Wrist (Plain),service_bz595r9ozjxuqzh76thf,0,0,
681,CT WRIST LEFT,CT WRIST LEFT,service_bz595r9ozjxuqzh76thf,0,0,
682,CT WRIST RIGHT,CT WRIST RIGHT,service_bz595r9ozjxuqzh76thf,0,0,
683,HRCT CHEST,HRCT CHEST,service_bz595r9ozjxuqzh76thf,0,0,
684,MRI Abdomen & Pelvis - [1.5 Tesla],MRI Abdomen & Pelvis - [1.5 Tesla],service_bz595r9ozjxuqzh76thf,0,0,
685,MRI Abdomen - [1.5 Tesla],MRI Abdomen - [1.5 Tesla],service_bz595r9ozjxuqzh76thf,0,0,
686,MRI Ankle Joint (LEFT) - [1.5 Tesla],MRI Ankle Joint (LEFT) - [1.5 Tesla],service_bz595r9ozjxuqzh76thf,0,0,
687,MRI Ankle Joint (RIGHT) - [1.5 Tesla],MRI Ankle Joint (RIGHT) - [1.5 Tesla],service_bz595r9ozjxuqzh76thf,0,0,
688,MRI ANKLE JOINT LEFT - [1.5 Tesla],MRI ANKLE JOINT LEFT - [1.5 Tesla],service_bz595r9ozjxuqzh76thf,0,0,
689,MRI ANKLE JOINT RIGHT - [1.5 Tesla],MRI ANKLE JOINT RIGHT - [1.5 Tesla],service_bz595r9ozjxuqzh76thf,0,0,
690,MRI Arm (Right) - [1.5 Tesla],MRI Arm (Right) - [1.5 Tesla],service_bz595r9ozjxuqzh76thf,0,0,
691,MRI ARM LEFT - [1.5 Tesla],MRI ARM LEFT - [1.5 Tesla],service_bz595r9ozjxuqzh76thf,0,0,
692,MRI ARM RIGHT - [1.5 Tesla],MRI ARM RIGHT - [1.5 Tesla],service_bz595r9ozjxuqzh76thf,0,0,
693,MRI Brain & Angiography - [1.5 Tesla],MRI Brain & Angiography - [1.5 Tesla],service_bz595r9ozjxuqzh76thf,0,0,
694,MRI Brain & Venogram - [1.5 Tesla],MRI Brain & Venogram - [1.5 Tesla],service_bz595r9ozjxuqzh76thf,0,0,
695,MRI Brain - [1.5 Tesla],MRI Brain - [1.5 Tesla],service_bz595r9ozjxuqzh76thf,0,0,
696,MRI Brain With Contrast - [1.5 Tesla],MRI Brain With Contrast - [1.5 Tesla],service_bz595r9ozjxuqzh76thf,0,0,
697,MRI Brain With Pituitary - [1.5 Tesla],MRI Brain With Pituitary - [1.5 Tesla],service_bz595r9ozjxuqzh76thf,0,0,
698,MRI BREAST,MRI BREAST,service_bz595r9ozjxuqzh76thf,0,0,
699,MRI Cervical Spine - [1.5 Tesla],MRI Cervical Spine - [1.5 Tesla],service_bz595r9ozjxuqzh76thf,0,0,
700,MRI Chest - [1.5 Tesla],MRI Chest - [1.5 Tesla],service_bz595r9ozjxuqzh76thf,0,0,
701,MRI CRANIOFACIAL - [1.5 Tesla],MRI CRANIOFACIAL - [1.5 Tesla],service_bz595r9ozjxuqzh76thf,0,0,
702,MRI Dorsal Spine - [1.5 Tesla],MRI Dorsal Spine - [1.5 Tesla],service_bz595r9ozjxuqzh76thf,0,0,
703,MRI DORSO-LUMBAR - [1.5 Tesla],MRI DORSO-LUMBAR - [1.5 Tesla],service_bz595r9ozjxuqzh76thf,0,0,
704,MRI Elbow - [1.5 Tesla],MRI Elbow - [1.5 Tesla],service_bz595r9ozjxuqzh76thf,0,0,
705,MRI ELBOW LEFT - [1.5 Tesla],MRI ELBOW LEFT - [1.5 Tesla],service_bz595r9ozjxuqzh76thf,0,0,
706,MRI ELBOW RIGHT - [1.5 Tesla],MRI ELBOW RIGHT - [1.5 Tesla],service_bz595r9ozjxuqzh76thf,0,0,
707,MRI Femur - [1.5 Tesla],MRI Femur - [1.5 Tesla],service_bz595r9ozjxuqzh76thf,0,0,
708,MRI FEMUR LEFT - [1.5 Tesla],MRI FEMUR LEFT - [1.5 Tesla],service_bz595r9ozjxuqzh76thf,0,0,
709,MRI FEMUR RIGHT - [1.5 Tesla],MRI FEMUR RIGHT - [1.5 Tesla],service_bz595r9ozjxuqzh76thf,0,0,
710,MRI Hand - [1.5 Tesla],MRI Hand - [1.5 Tesla],service_bz595r9ozjxuqzh76thf,0,0,
711,MRI HAND LEFT - [1.5 Tesla],MRI HAND LEFT - [1.5 Tesla],service_bz595r9ozjxuqzh76thf,0,0,
712,MRI HAND RIGHT - [1.5 Tesla],MRI HAND RIGHT - [1.5 Tesla],service_bz595r9ozjxuqzh76thf,0,0,
713,MRI Hip Joint - [1.5 Tesla],MRI Hip Joint - [1.5 Tesla],service_bz595r9ozjxuqzh76thf,0,0,
714,MRI HIP JOINT LEFT - [1.5 Tesla],MRI HIP JOINT LEFT - [1.5 Tesla],service_bz595r9ozjxuqzh76thf,0,0,
715,MRI HIP JOINT RIGHT - [1.5 Tesla],MRI HIP JOINT RIGHT - [1.5 Tesla],service_bz595r9ozjxuqzh76thf,0,0,
716,MRI KNEE (LEFT) - [1.5 Tesla],MRI KNEE (LEFT) - [1.5 Tesla],service_bz595r9ozjxuqzh76thf,0,0,
717,MRI KNEE (RIGHT) - [1.5 Tesla],MRI KNEE (RIGHT) - [1.5 Tesla],service_bz595r9ozjxuqzh76thf,0,0,
718,MRI Knee - [1.5 Tesla],MRI Knee - [1.5 Tesla],service_bz595r9ozjxuqzh76thf,0,0,
719,MRI KNEE LEFT - [1.5 Tesla],MRI KNEE LEFT - [1.5 Tesla],service_bz595r9ozjxuqzh76thf,0,0,
720,MRI KNEE RIGHT - [1.5 Tesla],MRI KNEE RIGHT - [1.5 Tesla],service_bz595r9ozjxuqzh76thf,0,0,
721,MRI Leg - [1.5 Tesla],MRI Leg - [1.5 Tesla],service_bz595r9ozjxuqzh76thf,0,0,
722,MRI LEG LEFT - [1.5 Tesla],MRI LEG LEFT - [1.5 Tesla],service_bz595r9ozjxuqzh76thf,0,0,
723,MRI LEG RIGHT - [1.5 Tesla],MRI LEG RIGHT - [1.5 Tesla],service_bz595r9ozjxuqzh76thf,0,0,
724,MRI Lumbar Spine - [1.5 Tesla],MRI Lumbar Spine - [1.5 Tesla],service_bz595r9ozjxuqzh76thf,0,0,
725,MRI MAXILLOFACIAL - [1.5 Tesla],MRI MAXILLOFACIAL - [1.5 Tesla],service_bz595r9ozjxuqzh76thf,0,0,
726,MRI MRCP Abdomen with Contrast - [1.5 Tesla],MRI MRCP Abdomen with Contrast - [1.5 Tesla],service_bz595r9ozjxuqzh76thf,0,0,
727,MRI NECK + CONTRAST - [1.5 Tesla],MRI NECK + CONTRAST - [1.5 Tesla],service_bz595r9ozjxuqzh76thf,0,0,
728,MRI Neck - [1.5 Tesla],MRI Neck - [1.5 Tesla],service_bz595r9ozjxuqzh76thf,0,0,
729,MRI Orbits - [1.5 Tesla],MRI Orbits - [1.5 Tesla],service_bz595r9ozjxuqzh76thf,0,0,
730,MRI PAEDIATRICS [1.5 Tesla],MRI PAEDIATRICS [1.5 Tesla],service_bz595r9ozjxuqzh76thf,0,0,
731,MRI Pelvis - [1.5 Tesla],MRI Pelvis - [1.5 Tesla],service_bz595r9ozjxuqzh76thf,0,0,
732,MRI Pitutary - [1.5 Tesla],MRI Pitutary - [1.5 Tesla],service_bz595r9ozjxuqzh76thf,0,0,
733,MRI PNS - [1.5 Tesla],MRI PNS - [1.5 Tesla],service_bz595r9ozjxuqzh76thf,0,0,
734,MRI Prostate - [1.5 Tesla],MRI Prostate - [1.5 Tesla],service_bz595r9ozjxuqzh76thf,0,0,
735,MRI Sacro Iliac joints - [1.5 Tesla],MRI Sacro Iliac joints - [1.5 Tesla],service_bz595r9ozjxuqzh76thf,0,0,
736,MRI Screening - [1.5 Tesla],MRI Screening - [1.5 Tesla],service_bz595r9ozjxuqzh76thf,0,0,
737,MRI Shoulder Joint (Left) - [1.5 Tesla],MRI Shoulder Joint (Left) - [1.5 Tesla],service_bz595r9ozjxuqzh76thf,0,0,
738,MRI Shoulder Joint (Right) - [1.5 Tesla],MRI Shoulder Joint (Right) - [1.5 Tesla],service_bz595r9ozjxuqzh76thf,0,0,
739,MRI SHOULDER JOINT LEFT - [1.5 Tesla],MRI SHOULDER JOINT LEFT - [1.5 Tesla],service_bz595r9ozjxuqzh76thf,0,0,
740,MRI SHOULDER JOINT RIGHT - [1.5 Tesla],MRI SHOULDER JOINT RIGHT - [1.5 Tesla],service_bz595r9ozjxuqzh76thf,0,0,
741,MRI TOE/FOOT LEFT - [1.5 Tesla],MRI TOE/FOOT LEFT - [1.5 Tesla],service_bz595r9ozjxuqzh76thf,0,0,
742,MRI TOE/FOOT RIGHT - [1.5 Tesla],MRI TOE/FOOT RIGHT - [1.5 Tesla],service_bz595r9ozjxuqzh76thf,0,0,
743,MRI Whole Body Scan,MRI Whole Body Scan,service_bz595r9ozjxuqzh76thf,0,0,
744,MRI Whole Body Scan - [1.5 Tesla],MRI Whole Body Scan - [1.5 Tesla],service_bz595r9ozjxuqzh76thf,0,0,
745,MRI Wrist - [1.5 Tesla],MRI Wrist - [1.5 Tesla],service_bz595r9ozjxuqzh76thf,0,0,
746,MRI WRIST LEFT - [1.5 Tesla],MRI WRIST LEFT - [1.5 Tesla],service_bz595r9ozjxuqzh76thf,0,0,
747,MRI WRIST RIGHT - [1.5 Tesla],MRI WRIST RIGHT - [1.5 Tesla],service_bz595r9ozjxuqzh76thf,0,0,
748,Abdomen Scan,Abdomen Scan,service_bz595r9ozjxuqzh76thf,0,0,
749,Gynaecology Scan,Gynaecology Scan,service_bz595r9ozjxuqzh76thf,0,0,
750,Pelvic Scan,Pelvic Scan,service_bz595r9ozjxuqzh76thf,0,0,
751,Breast Scan,Breast Scan,service_bz595r9ozjxuqzh76thf,0,0,
752,Testes Scan,Testes Scan,service_bz595r9ozjxuqzh76thf,0,0,
753,Thyroid Scan,Thyroid Scan,service_bz595r9ozjxuqzh76thf,0,0,
754,Prostate Scan,Prostate Scan,service_bz595r9ozjxuqzh76thf,0,0,
755,Ovulometry/TV Scan,Ovulometry/TV Scan,service_bz595r9ozjxuqzh76thf,0,0,
756,Bladder Scan,Bladder Scan,service_bz595r9ozjxuqzh76thf,0,0,
757,Transvaginal/Folliculometry Scan,Transvaginal/Folliculometry Scan,service_bz595r9ozjxuqzh76thf,0,0,
758,Dental-Intra-Oral Periapical Scan,Dental-Intra-Oral Periapical Scan,service_bz595r9ozjxuqzh76thf,0,0,
759,Obstetric Scan,Obstetric Scan,service_bz595r9ozjxuqzh76thf,0,0,
760,Angiography,Angiography,service_bz595r9ozjxuqzh76thf,0,0,
761,Arthrogram,Arthrogram,service_bz595r9ozjxuqzh76thf,0,0,
762,Barium Enema,Barium Enema,service_bz595r9ozjxuqzh76thf,0,0,
763,Barium Meal With Gastrografin,Barium Meal With Gastrografin,service_bz595r9ozjxuqzh76thf,0,0,
764,Barium Meal/Follow Through,Barium Meal/Follow Through,service_bz595r9ozjxuqzh76thf,0,0,
765,Barium Swallow,Barium Swallow,service_bz595r9ozjxuqzh76thf,0,0,
766,Cholecytogram,Cholecytogram,service_bz595r9ozjxuqzh76thf,0,0,
767,Cysto-Urethrogram,Cysto-Urethrogram,service_bz595r9ozjxuqzh76thf,0,0,
768,Deep Venogram,Deep Venogram,service_bz595r9ozjxuqzh76thf,0,0,
769,Fistulogram,Fistulogram,service_bz595r9ozjxuqzh76thf,0,0,
770,Hysterosalpingogram,Hysterosalpingogram,service_bz595r9ozjxuqzh76thf,0,0,
771,Intravenous Cholangiogram,Intravenous Cholangiogram,service_bz595r9ozjxuqzh76thf,0,0,
772,Intravenous Urogram,Intravenous Urogram,service_bz595r9ozjxuqzh76thf,0,0,
773,Intravenous Pyelogram,Intravenous Pyelogram,service_bz595r9ozjxuqzh76thf,0,0,
774,Mammography,Mammography,service_bz595r9ozjxuqzh76thf,0,0,
775,Micturating Cystourethrogram (MCUG),Micturating Cystourethrogram (MCUG),service_bz595r9ozjxuqzh76thf,0,0,
776,Retrograde urethrogram (RCUG),Retrograde urethrogram (RCUG),service_bz595r9ozjxuqzh76thf,0,0,
777,Venogram (One Leg),Venogram (One Leg),service_bz595r9ozjxuqzh76thf,0,0,
778,Myelogram,Myelogram,service_bz595r9ozjxuqzh76thf,0,0,
779,Oral Cholecytogram,Oral Cholecytogram,service_bz595r9ozjxuqzh76thf,0,0,
780,Percutenous Transphepatic Cholangiogram,Percutenous Transphepatic Cholangiogram,service_bz595r9ozjxuqzh76thf,0,0,
781,Peripheral Arteriography,Peripheral Arteriography,service_bz595r9ozjxuqzh76thf,0,0,
782,Phlebogram,Phlebogram,service_bz595r9ozjxuqzh76thf,0,0,
783,Sialogram,Sialogram,service_bz595r9ozjxuqzh76thf,0,0,
784,Fistulogram/Sinogram,Fistulogram/Sinogram,service_bz595r9ozjxuqzh76thf,0,0,
785,Cyst-Urethrogram,Cyst-Urethrogram,service_bz595r9ozjxuqzh76thf,0,0,
786,Oral Cholecystogram,Oral Cholecystogram,service_bz595r9ozjxuqzh76thf,0,0,
787,Fluoroscopy,Fluoroscopy,service_bz595r9ozjxuqzh76thf,0,0,
788,Sinography/ Fistulography,Sinography/ Fistulography,service_bz595r9ozjxuqzh76thf,0,0,
789,Sinuses,Sinuses,service_bz595r9ozjxuqzh76thf,0,0,
790,Skeletal Survey,Skeletal Survey,service_bz595r9ozjxuqzh76thf,0,0,
791,Skeletal survey (Adult),Skeletal survey (Adult),service_bz595r9ozjxuqzh76thf,0,0,
792,Hand/Finger,Hand/Finger,service_bz595r9ozjxuqzh76thf,0,0,
793,Wrist,Wrist,service_bz595r9ozjxuqzh76thf,0,0,
794,Forearm (Radius And Ulna),Forearm (Radius And Ulna),service_bz595r9ozjxuqzh76thf,0,0,
795,Elbow,Elbow,service_bz595r9ozjxuqzh76thf,0,0,
796,Humerus,Humerus,service_bz595r9ozjxuqzh76thf,0,0,
797,Shoulder,Shoulder,service_bz595r9ozjxuqzh76thf,0,0,
798,Clavicle,Clavicle,service_bz595r9ozjxuqzh76thf,0,0,
799,Foot/Toe,Foot/Toe,service_bz595r9ozjxuqzh76thf,0,0,
800,Ankle,Ankle,service_bz595r9ozjxuqzh76thf,0,0,
801,Leg (Tibia/Fibula),Leg (Tibia/Fibula),service_bz595r9ozjxuqzh76thf,0,0,
802,Knee,Knee,service_bz595r9ozjxuqzh76thf,0,0,
803,Thigh(Femur),Thigh(Femur),service_bz595r9ozjxuqzh76thf,0,0,
804,Hip,Hip,service_bz595r9ozjxuqzh76thf,0,0,
805,Pelvis( AP),Pelvis( AP),service_bz595r9ozjxuqzh76thf,0,0,
806,Pelvis & Hip,Pelvis & Hip,service_bz595r9ozjxuqzh76thf,0,0,
807,Chest (PA/AP),Chest (PA/AP),service_bz595r9ozjxuqzh76thf,0,0,
808,Chest (PA/Lateral),Chest (PA/Lateral),service_bz595r9ozjxuqzh76thf,0,0,
809,Chest For Ribs (Oblique),Chest For Ribs (Oblique),service_bz595r9ozjxuqzh76thf,0,0,
810,Apical/Lordotic,Apical/Lordotic,service_bz595r9ozjxuqzh76thf,0,0,
811,Sternum,Sternum,service_bz595r9ozjxuqzh76thf,0,0,
812,Thoracic Inlet,Thoracic Inlet,service_bz595r9ozjxuqzh76thf,0,0,
813,Cervical Spine,Cervical Spine,service_bz595r9ozjxuqzh76thf,0,0,
814,Lateral Neck (Soft Tissue),Lateral Neck (Soft Tissue),service_bz595r9ozjxuqzh76thf,0,0,
815,Thoracic Spine,Thoracic Spine,service_bz595r9ozjxuqzh76thf,0,0,
816,Thoraco- Lumbar Spine,Thoraco- Lumbar Spine,service_bz595r9ozjxuqzh76thf,0,0,
817,Lumbar Spine,Lumbar Spine,service_bz595r9ozjxuqzh76thf,0,0,
818,Lumbo- Sacral Spine,Lumbo- Sacral Spine,service_bz595r9ozjxuqzh76thf,0,0,
819,Sacrum,Sacrum,service_bz595r9ozjxuqzh76thf,0,0,
820,Coccyx,Coccyx,service_bz595r9ozjxuqzh76thf,0,0,
821,Sacro- Iliac Joint (SIJ),Sacro- Iliac Joint (SIJ),service_bz595r9ozjxuqzh76thf,0,0,
822,Cervical Spine (Oblique),Cervical Spine (Oblique),service_bz595r9ozjxuqzh76thf,0,0,
823,Plain Abdomen,Plain Abdomen,service_bz595r9ozjxuqzh76thf,0,0,
824,Erect/Supine Abdomen,Erect/Supine Abdomen,service_bz595r9ozjxuqzh76thf,0,0,
825,Pelvimetry,Pelvimetry,service_bz595r9ozjxuqzh76thf,0,0,
826,Mastoids,Mastoids,service_bz595r9ozjxuqzh76thf,0,0,
827,Mandibles (Jaw),Mandibles (Jaw),service_bz595r9ozjxuqzh76thf,0,0,
828,X-Ray Sinuses Ap/Lnt/Om,X-Ray Sinuses Ap/Lnt/Om,service_bz595r9ozjxuqzh76thf,0,0,
829,X-Ray Skull (AP/LAT),X-Ray Skull (AP/LAT),service_bz595r9ozjxuqzh76thf,0,0,
830,X-Ray Skull (Pa/Lat/Townes),X-Ray Skull (Pa/Lat/Townes),service_bz595r9ozjxuqzh76thf,0,0,
831,X-Ray Sternum,X-Ray Sternum,service_bz595r9ozjxuqzh76thf,0,0,
832,X-Ray Tagential,X-Ray Tagential,service_bz595r9ozjxuqzh76thf,0,0,
833,X-Ray Temporo-Mandibular Joints (TMJ),X-Ray Temporo-Mandibular Joints (TMJ),service_bz595r9ozjxuqzh76thf,0,0,
834,ECG,ECG,service_bz595r9ozjxuqzh76thf,0,0,
835,Post Exercise ECG,Post Exercise ECG,service_bz595r9ozjxuqzh76thf,0,0,
836,Color Doppler,Color Doppler,service_bz595r9ozjxuqzh76thf,0,0,
837,EEG,EEG,service_bz595r9ozjxuqzh76thf,0,0,
838,Chromosomal Analysis-High resolution banding - [Blood],Chromosomal Analysis-High resolution banding - [Blood],service_bz595r9ozjxuqzh76thf,0,0,
839,HBV-DNA Quantification (Viral load) - [Serum or plasma],HBV-DNA Quantification (Viral load) - [Serum or plasma],service_bz595r9ozjxuqzh76thf,0,0,
840,Sigmoidoscopy,Sigmoidoscopy,service_bz595r9ozjxuqzh76thf,0,0,
841,Biopsy- Large specimen for histology - [Tissue],Biopsy- Large specimen for histology - [Tissue],service_bz595r9ozjxuqzh76thf,0,0,
842,Biopsy- Large and Complex specimen for histology - [Tissue],Biopsy- Large and Complex specimen for histology - [Tissue],service_bz595r9ozjxuqzh76thf,0,0,
843,Biopsy- Medium specimen for histology - [Tissue],Biopsy- Medium specimen for histology - [Tissue],service_bz595r9ozjxuqzh76thf,0,0,
844,Biopsy- Small specimen for histology - [Tissue],Biopsy- Small specimen for histology - [Tissue],service_bz595r9ozjxuqzh76thf,0,0,
845,Biopsy-Second opinion slides/blocks for histopathological examination. - [Block/ Slide],Biopsy-Second opinion slides/blocks for histopathological examination. - [Block/ Slide],service_bz595r9ozjxuqzh76thf,0,0,
846,Biopsy-Skin biopsy for histology with special stain (SOS) - [Tissue],Biopsy-Skin biopsy for histology with special stain (SOS) - [Tissue],service_bz595r9ozjxuqzh76thf,0,0,
847,"Body fluid,Rt Exam With cytology and 14 - [Body fluid]","Body fluid,Rt Exam With cytology and 14 - [Body fluid]",service_bz595r9ozjxuqzh76thf,0,0,
848,FNAC - cytological examination - [FNAC fluid],FNAC - cytological examination - [FNAC fluid],service_bz595r9ozjxuqzh76thf,0,0,
849,FNAC procedure charges - [Walk in patient],FNAC procedure charges - [Walk in patient],service_bz595r9ozjxuqzh76thf,0,0,
850,Giemsa Stain for histopathology - [Tissue],Giemsa Stain for histopathology - [Tissue],service_bz595r9ozjxuqzh76thf,0,0,
851,Histopathology- BILATERAL BREAST LUMPS - [Tissue],Histopathology- BILATERAL BREAST LUMPS - [Tissue],service_bz595r9ozjxuqzh76thf,0,0,
852,Histopathology- Large specimen - [Tissue],Histopathology- Large specimen - [Tissue],service_bz595r9ozjxuqzh76thf,0,0,
853,Histopathology- Large and Complex specimen - [Tissue],Histopathology- Large and Complex specimen - [Tissue],service_bz595r9ozjxuqzh76thf,0,0,
854,Histopathology- Medium specimen - [Tissue],Histopathology- Medium specimen - [Tissue],service_bz595r9ozjxuqzh76thf,0,0,
855,Histopathology- Small specimen - [Tissue],Histopathology- Small specimen - [Tissue],service_bz595r9ozjxuqzh76thf,0,0,
856,Histopathology-GASTRIC BIOPSY - [Tissue],Histopathology-GASTRIC BIOPSY - [Tissue],service_bz595r9ozjxuqzh76thf,0,0,
857,Histopathology-Liver Biopsy,Histopathology-Liver Biopsy,service_bz595r9ozjxuqzh76thf,0,0,
858,Histopathology-Skin biopsy with special stain (SOS) - [Tissue],Histopathology-Skin biopsy with special stain (SOS) - [Tissue],service_bz595r9ozjxuqzh76thf,0,0,
859,Masson Trichrome stain for histopathology - [Tissue],Masson Trichrome stain for histopathology - [Tissue],service_bz595r9ozjxuqzh76thf,0,0,
860,PAS stain for histopathology - [Tissue],PAS stain for histopathology - [Tissue],service_bz595r9ozjxuqzh76thf,0,0,
861,PTAH Stain for histopathology - [Tissue],PTAH Stain for histopathology - [Tissue],service_bz595r9ozjxuqzh76thf,0,0,
862,Reticulin Stain (For histopathology) - [Tissue],Reticulin Stain (For histopathology) - [Tissue],service_bz595r9ozjxuqzh76thf,0,0,
863,"Routine examination, Sputum, Comprehensive (Includes cytology and 14) - [Sputum]","Routine examination, Sputum, Comprehensive (Includes cytology and 14) - [Sputum]",service_bz595r9ozjxuqzh76thf,0,0,
864,Cytology - [Aspirates],Cytology - [Aspirates],service_bz595r9ozjxuqzh76thf,0,0,
865,Cytology - [Body fluid],Cytology - [Body fluid],service_bz595r9ozjxuqzh76thf,0,0,
866,Cytology - [Sputum],Cytology - [Sputum],service_bz595r9ozjxuqzh76thf,0,0,
867,Cytology - [Urine],Cytology - [Urine],service_bz595r9ozjxuqzh76thf,0,0,
868,Cytology - [Washing fluid],Cytology - [Washing fluid],service_bz595r9ozjxuqzh76thf,0,0,
869,Alanine Transaminase (SGPT),Alanine Transaminase (SGPT),service_bz595r9ozjxuqzh76thf,0,0,
870,Albumin,Albumin,service_bz595r9ozjxuqzh76thf,0,0,
871,Alkaline Phosphatase,Alkaline Phosphatase,service_bz595r9ozjxuqzh76thf,0,0,
872,Aspartate Transaminase (SGOT),Aspartate Transaminase (SGOT),service_bz595r9ozjxuqzh76thf,0,0,
873,Fasting Blood Sugar,Fasting Blood Sugar,service_bz595r9ozjxuqzh76thf,0,0,
874,Random Blood Sugar,Random Blood Sugar,service_bz595r9ozjxuqzh76thf,0,0,
875,Calcium,Calcium,service_bz595r9ozjxuqzh76thf,0,0,
876,Creatinine,Creatinine,service_bz595r9ozjxuqzh76thf,0,0,
877,Creatinine Clearance,Creatinine Clearance,service_bz595r9ozjxuqzh76thf,0,0,
878,CSF Protein,CSF Protein,service_bz595r9ozjxuqzh76thf,0,0,
879,CSF Sugar,CSF Sugar,service_bz595r9ozjxuqzh76thf,0,0,
880,Electrolyte - Na+,Electrolyte - Na+,service_bz595r9ozjxuqzh76thf,0,0,
881,Electrolyte - K+,Electrolyte - K+,service_bz595r9ozjxuqzh76thf,0,0,
882,Electrolyte - CL-,Electrolyte - CL-,service_bz595r9ozjxuqzh76thf,0,0,
883,Electrolyte - HCO3-,Electrolyte - HCO3-,service_bz595r9ozjxuqzh76thf,0,0,
884,Electrolyte and Urea,Electrolyte and Urea,service_bz595r9ozjxuqzh76thf,0,0,
885,"Electrolyte, Urea & Creatinine","Electrolyte, Urea & Creatinine",service_bz595r9ozjxuqzh76thf,0,0,
886,Glucose6-Phosphate-dehydrogenase,Glucose6-Phosphate-dehydrogenase,service_bz595r9ozjxuqzh76thf,0,0,
887,Lipid profile,Lipid profile,service_bz595r9ozjxuqzh76thf,0,0,
888,Liver function Test,Liver function Test,service_bz595r9ozjxuqzh76thf,0,0,
889,Phosphorus,Phosphorus,service_bz595r9ozjxuqzh76thf,0,0,
890,Pregnancy Test (Beta HCG - Blood),Pregnancy Test (Beta HCG - Blood),service_bz595r9ozjxuqzh76thf,0,0,
891,"Protein, Total","Protein, Total",service_bz595r9ozjxuqzh76thf,0,0,
892,Urea,Urea,service_bz595r9ozjxuqzh76thf,0,0,
893,Uric arid,Uric arid,service_bz595r9ozjxuqzh76thf,0,0,
894,Urinalysis dipstick,Urinalysis dipstick,service_bz595r9ozjxuqzh76thf,0,0,
895,24hr Post Prandial,24hr Post Prandial,service_bz595r9ozjxuqzh76thf,0,0,
896,Glucose Tolerance Test,Glucose Tolerance Test,service_bz595r9ozjxuqzh76thf,0,0,
897,Total Bilirubim,Total Bilirubim,service_bz595r9ozjxuqzh76thf,0,0,
898,Direct Bilirubim,Direct Bilirubim,service_bz595r9ozjxuqzh76thf,0,0,
899,Total Protein,Total Protein,service_bz595r9ozjxuqzh76thf,0,0,
900,Uric Acid,Uric Acid,service_bz595r9ozjxuqzh76thf,0,0,
901,Prostatic Acid Phosphates,Prostatic Acid Phosphates,service_bz595r9ozjxuqzh76thf,0,0,
902,Total Acid Phosphates,Total Acid Phosphates,service_bz595r9ozjxuqzh76thf,0,0,
903,Amylase,Amylase,service_bz595r9ozjxuqzh76thf,0,0,
904,Cholesterol,Cholesterol,service_bz595r9ozjxuqzh76thf,0,0,
905,Triglyceride,Triglyceride,service_bz595r9ozjxuqzh76thf,0,0,
906,CSF Glucose,CSF Glucose,service_bz595r9ozjxuqzh76thf,0,0,
907,CSF Chloride,CSF Chloride,service_bz595r9ozjxuqzh76thf,0,0,
908,HDL/LDL Cholesterol,HDL/LDL Cholesterol,service_bz595r9ozjxuqzh76thf,0,0,
909,Gamma Gt,Gamma Gt,service_bz595r9ozjxuqzh76thf,0,0,
910,CK Amylase,CK Amylase,service_bz595r9ozjxuqzh76thf,0,0,
911,Protein Electrophoresis + Report,Protein Electrophoresis + Report,service_bz595r9ozjxuqzh76thf,0,0,
912,Oral Glucose Tolerance Test(OGTT),Oral Glucose Tolerance Test(OGTT),service_bz595r9ozjxuqzh76thf,0,0,
913,Bleeding Time,Bleeding Time,service_bz595r9ozjxuqzh76thf,0,0,
914,Blood film report,Blood film report,service_bz595r9ozjxuqzh76thf,0,0,
915,Blood grouping + Rh,Blood grouping + Rh,service_bz595r9ozjxuqzh76thf,0,0,
916,Clotting Time,Clotting Time,service_bz595r9ozjxuqzh76thf,0,0,
917,C-Reactive protein (CRP),C-Reactive protein (CRP),service_bz595r9ozjxuqzh76thf,0,0,
918,Cross matching,Cross matching,service_bz595r9ozjxuqzh76thf,0,0,
919,Direct Coombs test,Direct Coombs test,service_bz595r9ozjxuqzh76thf,0,0,
920,ESR,ESR,service_bz595r9ozjxuqzh76thf,0,0,
921,Fibrinogen,Fibrinogen,service_bz595r9ozjxuqzh76thf,0,0,
922,G6PD qualitative,G6PD qualitative,service_bz595r9ozjxuqzh76thf,0,0,
923,G6PD quantitative,G6PD quantitative,service_bz595r9ozjxuqzh76thf,0,0,
924,Genotype,Genotype,service_bz595r9ozjxuqzh76thf,0,0,
925,Haemoglobin,Haemoglobin,service_bz595r9ozjxuqzh76thf,0,0,
926,HIV Confirmation (Western Blot),HIV Confirmation (Western Blot),service_bz595r9ozjxuqzh76thf,0,0,
927,HIV Screening (HIV 1 & 11) antibodies,HIV Screening (HIV 1 & 11) antibodies,service_bz595r9ozjxuqzh76thf,0,0,
928,Indirect Coombs test,Indirect Coombs test,service_bz595r9ozjxuqzh76thf,0,0,
929,INR,INR,service_bz595r9ozjxuqzh76thf,0,0,
930,Malaria ICT,Malaria ICT,service_bz595r9ozjxuqzh76thf,0,0,
931,Malaria parasites (QBC Malaria),Malaria parasites (QBC Malaria),service_bz595r9ozjxuqzh76thf,0,0,
932,MCH,MCH,service_bz595r9ozjxuqzh76thf,0,0,
933,MCHC,MCHC,service_bz595r9ozjxuqzh76thf,0,0,
934,MCV,MCV,service_bz595r9ozjxuqzh76thf,0,0,
935,O+ve pint of blood,O+ve pint of blood,service_bz595r9ozjxuqzh76thf,0,0,
936,O-ve pint of blood,O-ve pint of blood,service_bz595r9ozjxuqzh76thf,0,0,
937,Packed Cell Volume (PCV),Packed Cell Volume (PCV),service_bz595r9ozjxuqzh76thf,0,0,
938,Platelet count,Platelet count,service_bz595r9ozjxuqzh76thf,0,0,
939,Prothombin Time (PT),Prothombin Time (PT),service_bz595r9ozjxuqzh76thf,0,0,
940,PTTK,PTTK,service_bz595r9ozjxuqzh76thf,0,0,
941,Reticulocyte count,Reticulocyte count,service_bz595r9ozjxuqzh76thf,0,0,
942,sickle Cell screening,sickle Cell screening,service_bz595r9ozjxuqzh76thf,0,0,
943,WBC Differential - (FBC),WBC Differential - (FBC),service_bz595r9ozjxuqzh76thf,0,0,
944,WBC Total,WBC Total,service_bz595r9ozjxuqzh76thf,0,0,
945,Adenovirus,Adenovirus,service_bz595r9ozjxuqzh76thf,0,0,
946,Blood culture and sensitivity,Blood culture and sensitivity,service_bz595r9ozjxuqzh76thf,0,0,
947,CSF M/C/S,CSF M/C/S,service_bz595r9ozjxuqzh76thf,0,0,
948,Hepatitis B DNA viral load,Hepatitis B DNA viral load,service_bz595r9ozjxuqzh76thf,0,0,
949,Hepatitis B surface antigen (HBsAg),Hepatitis B surface antigen (HBsAg),service_bz595r9ozjxuqzh76thf,0,0,
950,Hepatitis C,Hepatitis C,service_bz595r9ozjxuqzh76thf,0,0,
951,Hepatitis C DNA viral load,Hepatitis C DNA viral load,service_bz595r9ozjxuqzh76thf,0,0,
952,HVS MCS,HVS MCS,service_bz595r9ozjxuqzh76thf,0,0,
953,Mantoux (Tuberculin Test),Mantoux (Tuberculin Test),service_bz595r9ozjxuqzh76thf,0,0,
954,Rapid TB Test,Rapid TB Test,service_bz595r9ozjxuqzh76thf,0,0,
955,Rotavirus,Rotavirus,service_bz595r9ozjxuqzh76thf,0,0,
956,Sputum M/C/S,Sputum M/C/S,service_bz595r9ozjxuqzh76thf,0,0,
957,Sputum ZN stain for AFB,Sputum ZN stain for AFB,service_bz595r9ozjxuqzh76thf,0,0,
958,Stool M/C/S,Stool M/C/S,service_bz595r9ozjxuqzh76thf,0,0,
959,Stool microscopy,Stool microscopy,service_bz595r9ozjxuqzh76thf,0,0,
960,Stool Occult blood,Stool Occult blood,service_bz595r9ozjxuqzh76thf,0,0,
961,"Swab M/C/S (wound eye, ear, urethra, etc)","Swab M/C/S (wound eye, ear, urethra, etc)",service_bz595r9ozjxuqzh76thf,0,0,
962,TB Quantiferon,TB Quantiferon,service_bz595r9ozjxuqzh76thf,0,0,
963,TPHA,TPHA,service_bz595r9ozjxuqzh76thf,0,0,
964,Urine M/C/S,Urine M/C/S,service_bz595r9ozjxuqzh76thf,0,0,
965,Urine Microscopy,Urine Microscopy,service_bz595r9ozjxuqzh76thf,0,0,
966,VDRL,VDRL,service_bz595r9ozjxuqzh76thf,0,0,
967,Widal test,Widal test,service_bz595r9ozjxuqzh76thf,0,0,
968,Urinalysis,Urinalysis,service_bz595r9ozjxuqzh76thf,0,0,
969,Semen Culture And Sensitivity,Semen Culture And Sensitivity,service_bz595r9ozjxuqzh76thf,0,0,
970,Semen Analysis,Semen Analysis,service_bz595r9ozjxuqzh76thf,0,0,
971,Aspirate Pus M/C/S,Aspirate Pus M/C/S,service_bz595r9ozjxuqzh76thf,0,0,
972,Microfilaria,Microfilaria,service_bz595r9ozjxuqzh76thf,0,0,
973,Urethral And Wound M/C/S,Urethral And Wound M/C/S,service_bz595r9ozjxuqzh76thf,0,0,
974,Skin Snip,Skin Snip,service_bz595r9ozjxuqzh76thf,0,0,
975,Skin Scraping For Fungal Elements,Skin Scraping For Fungal Elements,service_bz595r9ozjxuqzh76thf,0,0,
976,Sputum AFB For Tuberculosis X3,Sputum AFB For Tuberculosis X3,service_bz595r9ozjxuqzh76thf,0,0,
977,Urine Pregnancy Test,Urine Pregnancy Test,service_bz595r9ozjxuqzh76thf,0,0,
978,ASO Titre (nephrology),ASO Titre (nephrology),service_bz595r9ozjxuqzh76thf,0,0,
979,ASO Titre/anti DnascB,ASO Titre/anti DnascB,service_bz595r9ozjxuqzh76thf,0,0,
980,Helicobacter pylori (serum),Helicobacter pylori (serum),service_bz595r9ozjxuqzh76thf,0,0,
981,Helicobacter pylori (stool antigen),Helicobacter pylori (stool antigen),service_bz595r9ozjxuqzh76thf,0,0,
982,Herpes Simplex 1 & 11 (1gm/1gG),Herpes Simplex 1 & 11 (1gm/1gG),service_bz595r9ozjxuqzh76thf,0,0,
983,TORCH Screen,TORCH Screen,service_bz595r9ozjxuqzh76thf,0,0,
984,Widal,Widal,service_bz595r9ozjxuqzh76thf,0,0,
985,Australian Antigen,Australian Antigen,service_bz595r9ozjxuqzh76thf,0,0,
986,Rheumatoid Factor,Rheumatoid Factor,service_bz595r9ozjxuqzh76thf,0,0,
987,Pregnancy Test HCG (Blood),Pregnancy Test HCG (Blood),service_bz595r9ozjxuqzh76thf,0,0,
988,R.f. Coomb혨s,R.f. Coomb혨s,service_bz595r9ozjxuqzh76thf,0,0,
989,ASO Heaf Test,ASO Heaf Test,service_bz595r9ozjxuqzh76thf,0,0,
990,HbsAg,HbsAg,service_bz595r9ozjxuqzh76thf,0,0,
991,Screening For HIV 1 & 2,Screening For HIV 1 & 2,service_bz595r9ozjxuqzh76thf,0,0,
992,Confirmatory Test For HIV 1 & 2,Confirmatory Test For HIV 1 & 2,service_bz595r9ozjxuqzh76thf,0,0,
993,TYPHIM Vi (1 dose syringe) for 1 Adult,TYPHIM Vi (1 dose syringe) for 1 Adult,service_bz595r9ozjxuqzh76thf,0,0,
994,TYPHIM Vi (20 dose syringe) for 20 Adult,TYPHIM Vi (20 dose syringe) for 20 Adult,service_bz595r9ozjxuqzh76thf,0,0,
995,TYPHERIX (1 dose syringe) for 1 Adult,TYPHERIX (1 dose syringe) for 1 Adult,service_bz595r9ozjxuqzh76thf,0,0,
996,TYPBAR (1 dose vial) for 1 Adult,TYPBAR (1 dose vial) for 1 Adult,service_bz595r9ozjxuqzh76thf,0,0,
997,TYPBAR (5 dose vial) for 5 Adults,TYPBAR (5 dose vial) for 5 Adults,service_bz595r9ozjxuqzh76thf,0,0,
998,HAVRIX (1 dose syringe) for 1 Adult,HAVRIX (1 dose syringe) for 1 Adult,service_bz595r9ozjxuqzh76thf,0,0,
999,ENGERIX B 20mcg (1 dose syringe) for 1 Adult,ENGERIX B 20mcg (1 dose syringe) for 1 Adult,service_bz595r9ozjxuqzh76thf,0,0,
1000,REVAC B+ (1ml vial X 1 dose) for 1 Adult,REVAC B+ (1ml vial X 1 dose) for 1 Adult,service_bz595r9ozjxuqzh76thf,0,0,
1001,GENEVAC B+ (1ml vial X 1 dose) for 1 Adult,GENEVAC B+ (1ml vial X 1 dose) for 1 Adult,service_bz595r9ozjxuqzh76thf,0,0,
1002,SHANVAC B 20mcg (1 dose) for 1 Adult,SHANVAC B 20mcg (1 dose) for 1 Adult,service_bz595r9ozjxuqzh76thf,0,0,
1003,REVAC 10ml vial for 10 Adult doses,REVAC 10ml vial for 10 Adult doses,service_bz595r9ozjxuqzh76thf,0,0,
1004, TETANUS PERTUSIS IPV, TETANUS PERTUSIS IPV,service_bz595r9ozjxuqzh76thf,0,0,
1005, TETANUS IPV , TETANUS IPV ,service_bz595r9ozjxuqzh76thf,0,0,
1006,PNEUMO-23 (1 dose syringe) for 1 Adult,PNEUMO-23 (1 dose syringe) for 1 Adult,service_bz595r9ozjxuqzh76thf,0,0,
1007,VERORAB (1 dose syringe) for 1 Adult,VERORAB (1 dose syringe) for 1 Adult,service_bz595r9ozjxuqzh76thf,0,0,
1008,INDIRAB for 1 Adult,INDIRAB for 1 Adult,service_bz595r9ozjxuqzh76thf,0,0,
1009,VANXIGRIP 1 dose syringe for 1 Adult,VANXIGRIP 1 dose syringe for 1 Adult,service_bz595r9ozjxuqzh76thf,0,0,
1010,CERVARIX for 1 Adult,CERVARIX for 1 Adult,service_bz595r9ozjxuqzh76thf,0,0,
1011,GARDASIL for 1 Adult,GARDASIL for 1 Adult,service_bz595r9ozjxuqzh76thf,0,0,
1012,TRIMOVAX (1 dose syringe) for 1 Paediatric Dose,TRIMOVAX (1 dose syringe) for 1 Paediatric Dose,service_bz595r9ozjxuqzh76thf,0,0,
1013,PRIORIX (1 dose vial) for 1 Paediatric Dose,PRIORIX (1 dose vial) for 1 Paediatric Dose,service_bz595r9ozjxuqzh76thf,0,0,
1014,TRESIVAC (1 dose vial) for 1 Paediatric Dose,TRESIVAC (1 dose vial) for 1 Paediatric Dose,service_bz595r9ozjxuqzh76thf,0,0,
1015,VARILRIX (1 dose syringe) for 1 Paediatric Dose,VARILRIX (1 dose syringe) for 1 Paediatric Dose,service_bz595r9ozjxuqzh76thf,0,0,
1016,VARICELLA VACCINE (1 dose vial) for 1 Paediatric Dose,VARICELLA VACCINE (1 dose vial) for 1 Paediatric Dose,service_bz595r9ozjxuqzh76thf,0,0,
1017,PRIORIX TETRA (1 dose syringe) for 1 Paediatric Dose,PRIORIX TETRA (1 dose syringe) for 1 Paediatric Dose,service_bz595r9ozjxuqzh76thf,0,0,
1018,MVAC (1 dose vial) for 1 Paediatric Dose,MVAC (1 dose vial) for 1 Paediatric Dose,service_bz595r9ozjxuqzh76thf,0,0,
1019,ENGERIX B 10mcg (1 dose syringe) for 1 Paediatric Dose,ENGERIX B 10mcg (1 dose syringe) for 1 Paediatric Dose,service_bz595r9ozjxuqzh76thf,0,0,
1020,REVAC B+ (0.5ml vial X 1 dose) for 1 Paediatric Dose,REVAC B+ (0.5ml vial X 1 dose) for 1 Paediatric Dose,service_bz595r9ozjxuqzh76thf,0,0,
1021,GENEVAC B (0.5ml vial X 1 dose) for 1 Paediatric Dose,GENEVAC B (0.5ml vial X 1 dose) for 1 Paediatric Dose,service_bz595r9ozjxuqzh76thf,0,0,
1022,SHANVAC B 10mcg (1 dose) for 1 Paediatric Dose,SHANVAC B 10mcg (1 dose) for 1 Paediatric Dose,service_bz595r9ozjxuqzh76thf,0,0,
1023,(5ml vial for 10 Paediatric Doses),(5ml vial for 10 Paediatric Doses),service_bz595r9ozjxuqzh76thf,0,0,
1024,NIMENRIX (1 dose syringe) for 1 Paediatric Dose,NIMENRIX (1 dose syringe) for 1 Paediatric Dose,service_bz595r9ozjxuqzh76thf,0,0,
1025,MENCEVAX (1 dose vial) for 1 Paediatric Dose,MENCEVAX (1 dose vial) for 1 Paediatric Dose,service_bz595r9ozjxuqzh76thf,0,0,
1026,,,service_bz595r9ozjxuqzh76thf,0,0,
1027,HIBERIX (1 dose syringe) for 1 Paediatric Dose,HIBERIX (1 dose syringe) for 1 Paediatric Dose,service_bz595r9ozjxuqzh76thf,0,0,
1028,PENTAVALENT (1 vial for 10 Paediatric Doses),PENTAVALENT (1 vial for 10 Paediatric Doses),service_bz595r9ozjxuqzh76thf,0,0,
1029,PENTAVALENT (1 dose syringe) for 1 Paediatric Dose,PENTAVALENT (1 dose syringe) for 1 Paediatric Dose,service_bz595r9ozjxuqzh76thf,0,0,
1030,PENTAXIM (1 dose syringe) for 1 Paediatric Dose,PENTAXIM (1 dose syringe) for 1 Paediatric Dose,service_bz595r9ozjxuqzh76thf,0,0,
1031,TETRAXIM (1 dose syringe) for 1 Paediatric Dose,TETRAXIM (1 dose syringe) for 1 Paediatric Dose,service_bz595r9ozjxuqzh76thf,0,0,
1032,TETRAVALENT ( 1 dose syringe) for 1 Paediatric Dose,TETRAVALENT ( 1 dose syringe) for 1 Paediatric Dose,service_bz595r9ozjxuqzh76thf,0,0,
1033,ROTARIX (1 dose syringe) for 1 Paediatric Dose,ROTARIX (1 dose syringe) for 1 Paediatric Dose,service_bz595r9ozjxuqzh76thf,0,0,
1034,SYNFLORIX (1 dose syringe) for 1 Paediatric Dose,SYNFLORIX (1 dose syringe) for 1 Paediatric Dose,service_bz595r9ozjxuqzh76thf,0,0,
1035,PREVENER 13 (1 dose syringe) for 1 Paediatric Dose,PREVENER 13 (1 dose syringe) for 1 Paediatric Dose,service_bz595r9ozjxuqzh76thf,0,0,
1036,PREVENER 13 (1 dose syringe for 10 Paediatric Doses),PREVENER 13 (1 dose syringe for 10 Paediatric Doses),service_bz595r9ozjxuqzh76thf,0,0,
1037,Consultation,Consultation,service_bz595r9ozjxuqzh76thf,0,0,
1038,Follow Consultation,Follow Consultation,service_bz595r9ozjxuqzh76thf,0,0,
1039,Follow-up Consultation,Follow-up Consultation,service_bz595r9ozjxuqzh76thf,0,0,
1040,ENT Consultation,ENT Consultation,service_bz595r9ozjxuqzh76thf,0,0,
1041,Dermatology Consultation,Dermatology Consultation,service_bz595r9ozjxuqzh76thf,0,0,
1042,Paediatric Surgeon Consultation,Paediatric Surgeon Consultation,service_bz595r9ozjxuqzh76thf,0,0,
1043,Orthopaedic Surgeon Consultation,Orthopaedic Surgeon Consultation,service_bz595r9ozjxuqzh76thf,0,0,
1044,1 Consultation,1 Consultation,service_bz595r9ozjxuqzh76thf,0,0,
1045,Sleep Therapy,Sleep Therapy,service_bz595r9ozjxuqzh76thf,0,0,
1046,Dental Apicectomy,Dental Apicectomy,service_bz595r9ozjxuqzh76thf,0,0,
1047,Dental Alveoloplasty,Dental Alveoloplasty,service_bz595r9ozjxuqzh76thf,0,0,
1048,Dental Bite Plane,Dental Bite Plane,service_bz595r9ozjxuqzh76thf,0,0,
1049,Dental Bleaching (Tooth Whitening) - Full Mouth,Dental Bleaching (Tooth Whitening) - Full Mouth,service_bz595r9ozjxuqzh76thf,0,0,
1050,Dental Bleaching (Tooth Whitening) - Single Arch,Dental Bleaching (Tooth Whitening) - Single Arch,service_bz595r9ozjxuqzh76thf,0,0,
1051,Dental Crown - Full Ceramic,Dental Crown - Full Ceramic,service_bz595r9ozjxuqzh76thf,0,0,
1052,Dental Crown - Metal,Dental Crown - Metal,service_bz595r9ozjxuqzh76thf,0,0,
1053,Dental Crown - Metal Ceramic,Dental Crown - Metal Ceramic,service_bz595r9ozjxuqzh76thf,0,0,
1054,Dental Cyst Removal - Big,Dental Cyst Removal - Big,service_bz595r9ozjxuqzh76thf,0,0,
1055,Dental Cyst Removal - Small,Dental Cyst Removal - Small,service_bz595r9ozjxuqzh76thf,0,0,
1056,Dental Fillings - Silver Amalgam,Dental Fillings - Silver Amalgam,service_bz595r9ozjxuqzh76thf,0,0,
1057,Dental Fillings - Tooth Color Filling,Dental Fillings - Tooth Color Filling,service_bz595r9ozjxuqzh76thf,0,0,
1058,Dental Flap Surgery With Grafting (Per Quadran),Dental Flap Surgery With Grafting (Per Quadran),service_bz595r9ozjxuqzh76thf,0,0,
1059,Dental Fracture Reduction (WO OT Charges),Dental Fracture Reduction (WO OT Charges),service_bz595r9ozjxuqzh76thf,0,0,
1060,Dental Full Denture - Flexible,Dental Full Denture - Flexible,service_bz595r9ozjxuqzh76thf,0,0,
1061,Dental Gingivectomy / Gingivoplasty,Dental Gingivectomy / Gingivoplasty,service_bz595r9ozjxuqzh76thf,0,0,
1062,Dental IMF,Dental IMF,service_bz595r9ozjxuqzh76thf,0,0,
1063,Dental Implant - With Crown,Dental Implant - With Crown,service_bz595r9ozjxuqzh76thf,0,0,
1064,Dental IOPA -Small Dental Xray,Dental IOPA -Small Dental Xray,service_bz595r9ozjxuqzh76thf,0,0,
1065,Dental OPG,Dental OPG,service_bz595r9ozjxuqzh76thf,0,0,
1066,Dental Orthodontic - Invisaline,Dental Orthodontic - Invisaline,service_bz595r9ozjxuqzh76thf,0,0,
1067,Dental Orthodontic -Regular,Dental Orthodontic -Regular,service_bz595r9ozjxuqzh76thf,0,0,
1068,5 ORTHODONTICS TOOTH COLORED SINGLE ARCH,5 ORTHODONTICS TOOTH COLORED SINGLE ARCH,service_bz595r9ozjxuqzh76thf,0,0,
1069,Dental Othodontic - Lingual,Dental Othodontic - Lingual,service_bz595r9ozjxuqzh76thf,0,0,
1070,Dental Othodontic - Tooth Colored,Dental Othodontic - Tooth Colored,service_bz595r9ozjxuqzh76thf,0,0,
1071,Dental Partial Denture - Cast Partial (Per Tooth),Dental Partial Denture - Cast Partial (Per Tooth),service_bz595r9ozjxuqzh76thf,0,0,
1072,Dental Partial Denture - Regular (Per Tooth),Dental Partial Denture - Regular (Per Tooth),service_bz595r9ozjxuqzh76thf,0,0,
1073,Dental Post and Core,Dental Post and Core,service_bz595r9ozjxuqzh76thf,0,0,
1074,Dental Registration,Dental Registration,service_bz595r9ozjxuqzh76thf,0,0,
1075,Dental Root Canal Anteriors,Dental Root Canal Anteriors,service_bz595r9ozjxuqzh76thf,0,0,
1076,Dental Root Canel Posteriors,Dental Root Canel Posteriors,service_bz595r9ozjxuqzh76thf,0,0,
1077,Dental Single Arch Denture,Dental Single Arch Denture,service_bz595r9ozjxuqzh76thf,0,0,
1078,Dental Single Arch Orthodontics,Dental Single Arch Orthodontics,service_bz595r9ozjxuqzh76thf,0,0,
1079,Dental Single Jaw Flexible Denture,Dental Single Jaw Flexible Denture,service_bz595r9ozjxuqzh76thf,0,0,
1080,Dental Single Jaw Metallic,Dental Single Jaw Metallic,service_bz595r9ozjxuqzh76thf,0,0,
1081,Dental Single Jaw Tooth Colored,Dental Single Jaw Tooth Colored,service_bz595r9ozjxuqzh76thf,0,0,
1082,Dental Tooth Cleaning (Full Mouth),Dental Tooth Cleaning (Full Mouth),service_bz595r9ozjxuqzh76thf,0,0,
1083,Dental Tooth Removal - Milk Tooth,Dental Tooth Removal - Milk Tooth,service_bz595r9ozjxuqzh76thf,0,0,
1084,Dental Tooth Removal - Normal,Dental Tooth Removal - Normal,service_bz595r9ozjxuqzh76thf,0,0,
1085,Dental Tooth Removal - Wisdom,Dental Tooth Removal - Wisdom,service_bz595r9ozjxuqzh76thf,0,0,
1086,Dental Tooth Tatoo,Dental Tooth Tatoo,service_bz595r9ozjxuqzh76thf,0,0,
1087,Dental Zirconia Diamond Studs,Dental Zirconia Diamond Studs,service_bz595r9ozjxuqzh76thf,0,0,
1088,Surgical Extraction,Surgical Extraction,service_bz595r9ozjxuqzh76thf,0,0,
1089,Dental Crowns,Dental Crowns,service_bz595r9ozjxuqzh76thf,0,0,
1090,Bridgeworks,Bridgeworks,service_bz595r9ozjxuqzh76thf,0,0,
1091,Implants,Implants,service_bz595r9ozjxuqzh76thf,0,0,
1092,Braces,Braces,service_bz595r9ozjxuqzh76thf,0,0,
1093,Root Canal Therapy,Root Canal Therapy,service_bz595r9ozjxuqzh76thf,0,0,
1094,Lenses & Frames,Lenses & Frames,service_bz595r9ozjxuqzh76thf,0,0,
1095,Visual Acuity,Visual Acuity,service_bz595r9ozjxuqzh76thf,0,0,
1096,Excision of tumour on abdominal wall,Excision of tumour on abdominal wall,service_bz595r9ozjxuqzh76thf,0,0,
1097,Biopsy Of Tumor Of Abdominal Wall,Biopsy Of Tumor Of Abdominal Wall,service_bz595r9ozjxuqzh76thf,0,0,
1098,Breast Lump Excision (Excluding Histology),Breast Lump Excision (Excluding Histology),service_bz595r9ozjxuqzh76thf,0,0,
1099,Ganglion Excision,Ganglion Excision,service_bz595r9ozjxuqzh76thf,0,0,
1100,Injection Sclerotherapy Of Varicose Veins,Injection Sclerotherapy Of Varicose Veins,service_bz595r9ozjxuqzh76thf,0,0,
1101,Incision & Drainage (I & D),Incision & Drainage (I & D),service_bz595r9ozjxuqzh76thf,0,0,
1102,Ingrowing Nail (Excision),Ingrowing Nail (Excision),service_bz595r9ozjxuqzh76thf,0,0,
1103,Keloid Excision (Minor),Keloid Excision (Minor),service_bz595r9ozjxuqzh76thf,0,0,
1104,Lumps Excision(Lumpectomy),Lumps Excision(Lumpectomy),service_bz595r9ozjxuqzh76thf,0,0,
1105,Excisional Biopsy(Excluding Histology),Excisional Biopsy(Excluding Histology),service_bz595r9ozjxuqzh76thf,0,0,
1106,Cystic Hygroma Excision,Cystic Hygroma Excision,service_bz595r9ozjxuqzh76thf,0,0,
1107,Small Cyst Excision,Small Cyst Excision,service_bz595r9ozjxuqzh76thf,0,0,
1108,Keloid Excision (Major),Keloid Excision (Major),service_bz595r9ozjxuqzh76thf,0,0,
1109,Liver/Kidney/Bone Marrow Biopsy,Liver/Kidney/Bone Marrow Biopsy,service_bz595r9ozjxuqzh76thf,0,0,
1110,Thyroglossal Cysts And Fistula Excision,Thyroglossal Cysts And Fistula Excision,service_bz595r9ozjxuqzh76thf,0,0,
1111,Excision Of Intrascrotal Mass,Excision Of Intrascrotal Mass,service_bz595r9ozjxuqzh76thf,0,0,
1112,Bronchoscopy,Bronchoscopy,service_bz595r9ozjxuqzh76thf,0,0,
1113,Endoscopy Of The GIT,Endoscopy Of The GIT,service_bz595r9ozjxuqzh76thf,0,0,
1114,Oesophagoscopy,Oesophagoscopy,service_bz595r9ozjxuqzh76thf,0,0,
1115,Proctoscopy,Proctoscopy,service_bz595r9ozjxuqzh76thf,0,0,
1116,Colonscopy,Colonscopy,service_bz595r9ozjxuqzh76thf,0,0,
1117,Hysteroscopy,Hysteroscopy,service_bz595r9ozjxuqzh76thf,0,0,
1118,Intercostal Drainage Insertion(Thoracostomy),Intercostal Drainage Insertion(Thoracostomy),service_bz595r9ozjxuqzh76thf,0,0,
1119,Major Surgical Incision And Drainage,Major Surgical Incision And Drainage,service_bz595r9ozjxuqzh76thf,0,0,
1120,Suprapubic Cystostomy,Suprapubic Cystostomy,service_bz595r9ozjxuqzh76thf,0,0,
1121,Surgical Release In Stenosing Tenosynovitis,Surgical Release In Stenosing Tenosynovitis,service_bz595r9ozjxuqzh76thf,0,0,
1122,Synovectomy,Synovectomy,service_bz595r9ozjxuqzh76thf,0,0,
1123,Tracheostomy,Tracheostomy,service_bz595r9ozjxuqzh76thf,0,0,
1124,Abdominal Rectopexy,Abdominal Rectopexy,service_bz595r9ozjxuqzh76thf,0,0,
1125,Anal Fistulectomy Repair,Anal Fistulectomy Repair,service_bz595r9ozjxuqzh76thf,0,0,
1126,Anal Spincteroplasty,Anal Spincteroplasty,service_bz595r9ozjxuqzh76thf,0,0,
1127,Appendicectomy,Appendicectomy,service_bz595r9ozjxuqzh76thf,0,0,
1128,Dissection Of Femoral Triangle,Dissection Of Femoral Triangle,service_bz595r9ozjxuqzh76thf,0,0,
1129,Epigastric Herniorrhaphy,Epigastric Herniorrhaphy,service_bz595r9ozjxuqzh76thf,0,0,
1130,Fistula In-Ano Repair,Fistula In-Ano Repair,service_bz595r9ozjxuqzh76thf,0,0,
1131,Haemorrhoidectomy,Haemorrhoidectomy,service_bz595r9ozjxuqzh76thf,0,0,
1132,Herniorraphy _ Inguinal/7,Herniorraphy _ Inguinal/7,service_bz595r9ozjxuqzh76thf,0,0,
1133,Hydrocoelectomy,Hydrocoelectomy,service_bz595r9ozjxuqzh76thf,0,0,
1134,Multiple Ligation Of Veins,Multiple Ligation Of Veins,service_bz595r9ozjxuqzh76thf,0,0,
1135,Orchidectomy/Orchidopexy,Orchidectomy/Orchidopexy,service_bz595r9ozjxuqzh76thf,0,0,
1136,Pericardiocentesis,Pericardiocentesis,service_bz595r9ozjxuqzh76thf,0,0,
1137,Surgery Of Torsion Of Spermatic Cord,Surgery Of Torsion Of Spermatic Cord,service_bz595r9ozjxuqzh76thf,0,0,
1138,Surgical Correction Of Dupuytren혨s Contracture,Surgical Correction Of Dupuytren혨s Contracture,service_bz595r9ozjxuqzh76thf,0,0,
1139,Surgical Drainage Of Anal Abscess,Surgical Drainage Of Anal Abscess,service_bz595r9ozjxuqzh76thf,0,0,
1140,Thoracotomy,Thoracotomy,service_bz595r9ozjxuqzh76thf,0,0,
1141,Varicocoelectomy,Varicocoelectomy,service_bz595r9ozjxuqzh76thf,0,0,
1142,Vasectomy,Vasectomy,service_bz595r9ozjxuqzh76thf,0,0,
1143,Cavernospongiosum Shunt,Cavernospongiosum Shunt,service_bz595r9ozjxuqzh76thf,0,0,
1144,Colostomy Construction/Closure,Colostomy Construction/Closure,service_bz595r9ozjxuqzh76thf,0,0,
1145,Diverticulectomy,Diverticulectomy,service_bz595r9ozjxuqzh76thf,0,0,
1146,Hiatus Herniorrphaphy,Hiatus Herniorrphaphy,service_bz595r9ozjxuqzh76thf,0,0,
1147,Laparotomy,Laparotomy,service_bz595r9ozjxuqzh76thf,0,0,
1148,Local Resection Of Pelvic Tumor,Local Resection Of Pelvic Tumor,service_bz595r9ozjxuqzh76thf,0,0,
1149,Oesophagostomy,Oesophagostomy,service_bz595r9ozjxuqzh76thf,0,0,
1150,Oophorectomy,Oophorectomy,service_bz595r9ozjxuqzh76thf,0,0,
1151,Retroperitoneal Drainage Of Perinephric Abscess,Retroperitoneal Drainage Of Perinephric Abscess,service_bz595r9ozjxuqzh76thf,0,0,
1152,Surgery Of Uncomplicated Intestinal Obstruction Without Resection,Surgery Of Uncomplicated Intestinal Obstruction Without Resection,service_bz595r9ozjxuqzh76thf,0,0,
1153,Transrectal Biopsy Of Prostate/Prostatectomy,Transrectal Biopsy Of Prostate/Prostatectomy,service_bz595r9ozjxuqzh76thf,0,0,
1154,Uretherectomy,Uretherectomy,service_bz595r9ozjxuqzh76thf,0,0,
1155,Acute Intra Abdominal Vascular Disease Surgery,Acute Intra Abdominal Vascular Disease Surgery,service_bz595r9ozjxuqzh76thf,0,0,
1156,Axillary Dissection Of Breast,Axillary Dissection Of Breast,service_bz595r9ozjxuqzh76thf,0,0,
1157,Bowel Resection And Anastomosis,Bowel Resection And Anastomosis,service_bz595r9ozjxuqzh76thf,0,0,
1158,Cholecystectomy,Cholecystectomy,service_bz595r9ozjxuqzh76thf,0,0,
1159,Choledochojejunostomy,Choledochojejunostomy,service_bz595r9ozjxuqzh76thf,0,0,
1160,Cystectomy Partial/Total,Cystectomy Partial/Total,service_bz595r9ozjxuqzh76thf,0,0,
1161,Diaphragmatic Hernia Repair,Diaphragmatic Hernia Repair,service_bz595r9ozjxuqzh76thf,0,0,
1162,Excision Of Lymphoedematous Lymph Tissues,Excision Of Lymphoedematous Lymph Tissues,service_bz595r9ozjxuqzh76thf,0,0,
1163,Exploratory Laparotomy/Lysis Of Adhensions,Exploratory Laparotomy/Lysis Of Adhensions,service_bz595r9ozjxuqzh76thf,0,0,
1164,Gastroenterostomy,Gastroenterostomy,service_bz595r9ozjxuqzh76thf,0,0,
1165,Intussusception Operation,Intussusception Operation,service_bz595r9ozjxuqzh76thf,0,0,
1166,Meckel혨s Diverticulectomy,Meckel혨s Diverticulectomy,service_bz595r9ozjxuqzh76thf,0,0,
1167,Pyeloroplasty,Pyeloroplasty,service_bz595r9ozjxuqzh76thf,0,0,
1168,Pyelotomy,Pyelotomy,service_bz595r9ozjxuqzh76thf,0,0,
1169,Renal Cystectomy,Renal Cystectomy,service_bz595r9ozjxuqzh76thf,0,0,
1170,Repair Of Gastric Lacerations,Repair Of Gastric Lacerations,service_bz595r9ozjxuqzh76thf,0,0,
1171,Repair Of Oesophageal Lacerations,Repair Of Oesophageal Lacerations,service_bz595r9ozjxuqzh76thf,0,0,
1172,Resection And Anstomoses (Small/Large Intestines),Resection And Anstomoses (Small/Large Intestines),service_bz595r9ozjxuqzh76thf,0,0,
1173,Roux-En-Y Pancreaticojejunostomy,Roux-En-Y Pancreaticojejunostomy,service_bz595r9ozjxuqzh76thf,0,0,
1174,Splenorrhaphy/ Splenectomy,Splenorrhaphy/ Splenectomy,service_bz595r9ozjxuqzh76thf,0,0,
1175,Surgery Of Complications Of Appendicitis,Surgery Of Complications Of Appendicitis,service_bz595r9ozjxuqzh76thf,0,0,
1176,Surgery Of Hepatic Trauma,Surgery Of Hepatic Trauma,service_bz595r9ozjxuqzh76thf,0,0,
1177,Surgery Of Small/Large Bowel Perforations,Surgery Of Small/Large Bowel Perforations,service_bz595r9ozjxuqzh76thf,0,0,
1178,Abdomino-Perineal Resection,Abdomino-Perineal Resection,service_bz595r9ozjxuqzh76thf,0,0,
1179,Adrenalectomy,Adrenalectomy,service_bz595r9ozjxuqzh76thf,0,0,
1180,Decortication,Decortication,service_bz595r9ozjxuqzh76thf,0,0,
1181,Encephalocoele Excision,Encephalocoele Excision,service_bz595r9ozjxuqzh76thf,0,0,
1182,Extended Radical Mastectomy,Extended Radical Mastectomy,service_bz595r9ozjxuqzh76thf,0,0,
1183,Gastrectomy/Colectomy-Partial Or Total,Gastrectomy/Colectomy-Partial Or Total,service_bz595r9ozjxuqzh76thf,0,0,
1184,Mammoplasty,Mammoplasty,service_bz595r9ozjxuqzh76thf,0,0,
1185,Nephrectomy,Nephrectomy,service_bz595r9ozjxuqzh76thf,0,0,
1186,Nephrolithotomy/Urethrotomy/Urethroplasty,Nephrolithotomy/Urethrotomy/Urethroplasty,service_bz595r9ozjxuqzh76thf,0,0,
1187,Oesophagectomy,Oesophagectomy,service_bz595r9ozjxuqzh76thf,0,0,
1188,Pancreatectomy,Pancreatectomy,service_bz595r9ozjxuqzh76thf,0,0,
1189,Pelvic Evisceration,Pelvic Evisceration,service_bz595r9ozjxuqzh76thf,0,0,
1190,Pericardiectomy,Pericardiectomy,service_bz595r9ozjxuqzh76thf,0,0,
1191,Pleurectomy,Pleurectomy,service_bz595r9ozjxuqzh76thf,0,0,
1192,Pneumonectomy,Pneumonectomy,service_bz595r9ozjxuqzh76thf,0,0,
1193,"Prostatectomy, Retropubic/Transvesical","Prostatectomy, Retropubic/Transvesical",service_bz595r9ozjxuqzh76thf,0,0,
1194,Radical Mastectomy,Radical Mastectomy,service_bz595r9ozjxuqzh76thf,0,0,
1195,Splenectomy,Splenectomy,service_bz595r9ozjxuqzh76thf,0,0,
1196,Submandibular Sialoadenectomy,Submandibular Sialoadenectomy,service_bz595r9ozjxuqzh76thf,0,0,
1197,Thoracectomy/Thoracoplasty,Thoracectomy/Thoracoplasty,service_bz595r9ozjxuqzh76thf,0,0,
1198,Thyroidectomy,Thyroidectomy,service_bz595r9ozjxuqzh76thf,0,0,
1199,Vagotomy/Pyloroplasty,Vagotomy/Pyloroplasty,service_bz595r9ozjxuqzh76thf,0,0,
1200,Close Reduction Of Fracture And Application Cast,Close Reduction Of Fracture And Application Cast,service_bz595r9ozjxuqzh76thf,0,0,
1201,Amputation And Disarticulation Of Joints.,Amputation And Disarticulation Of Joints.,service_bz595r9ozjxuqzh76thf,0,0,
1202,Amputation And Limb Substitution,Amputation And Limb Substitution,service_bz595r9ozjxuqzh76thf,0,0,
1203,Arthroplasty/Arthrodesis,Arthroplasty/Arthrodesis,service_bz595r9ozjxuqzh76thf,0,0,
1204,Bone Grafting,Bone Grafting,service_bz595r9ozjxuqzh76thf,0,0,
1205,Chondromectomy,Chondromectomy,service_bz595r9ozjxuqzh76thf,0,0,
1206,Congenital Talipes Equanovarus/Valgus Surgical Repair,Congenital Talipes Equanovarus/Valgus Surgical Repair,service_bz595r9ozjxuqzh76thf,0,0,
1207,ORIF with Implant (with hospitalisation),ORIF with Implant (with hospitalisation),service_bz595r9ozjxuqzh76thf,0,0,
1208,Removal of Implant,Removal of Implant,service_bz595r9ozjxuqzh76thf,0,0,
1209,Sequestrectomy,Sequestrectomy,service_bz595r9ozjxuqzh76thf,0,0,
1210,Subperiosteal Drainage Of Acute Osteomyelitis,Subperiosteal Drainage Of Acute Osteomyelitis,service_bz595r9ozjxuqzh76thf,0,0,
1211,Tendon Transplant/Tenoplasty,Tendon Transplant/Tenoplasty,service_bz595r9ozjxuqzh76thf,0,0,
1212,Drainage Of Septic 1,Drainage Of Septic 1,service_bz595r9ozjxuqzh76thf,0,0,
1213,Skin Traction(Procedure+Material),Skin Traction(Procedure+Material),service_bz595r9ozjxuqzh76thf,0,0,
1214,Simple Congenital Talipes Repair,Simple Congenital Talipes Repair,service_bz595r9ozjxuqzh76thf,0,0,
1215,OPEN REDUCTION AND INTERNAL FIXATION OF FRACTURES OF:,OPEN REDUCTION AND INTERNAL FIXATION OF FRACTURES OF:,service_bz595r9ozjxuqzh76thf,0,0,
1216,OPEN REDUCTION AND INTERNAL FIXATION OF FRACTURES OF PECTORAL GIRDLE,OPEN REDUCTION AND INTERNAL FIXATION OF FRACTURES OF PECTORAL GIRDLE,service_bz595r9ozjxuqzh76thf,0,0,
1217,OPEN REDUCTION AND INTERNAL FIXATION OF FRACTURES OF FORE-ARM,OPEN REDUCTION AND INTERNAL FIXATION OF FRACTURES OF FORE-ARM,service_bz595r9ozjxuqzh76thf,0,0,
1218,OPEN REDUCTION AND INTERNAL FIXATION OF FRACTURES OF HAND,OPEN REDUCTION AND INTERNAL FIXATION OF FRACTURES OF HAND,service_bz595r9ozjxuqzh76thf,0,0,
1219,OPEN REDUCTION AND INTERNAL FIXATION OF FRACTURES OF PELVIC GIRDLE,OPEN REDUCTION AND INTERNAL FIXATION OF FRACTURES OF PELVIC GIRDLE,service_bz595r9ozjxuqzh76thf,0,0,
1220,OPEN REDUCTION AND INTERNAL FIXATION OF FRACTURES OF THIGH,OPEN REDUCTION AND INTERNAL FIXATION OF FRACTURES OF THIGH,service_bz595r9ozjxuqzh76thf,0,0,
1221,OPEN REDUCTION AND INTERNAL FIXATION OF FRACTURES OF LEG,OPEN REDUCTION AND INTERNAL FIXATION OF FRACTURES OF LEG,service_bz595r9ozjxuqzh76thf,0,0,
1222,OPEN REDUCTION AND INTERNAL FIXATION OF FRACTURES OF FOOT,OPEN REDUCTION AND INTERNAL FIXATION OF FRACTURES OF FOOT,service_bz595r9ozjxuqzh76thf,0,0,
1223,OPEN REDUCTION AND INTERNAL FIXATION OF FRACTURES OF RIBS,OPEN REDUCTION AND INTERNAL FIXATION OF FRACTURES OF RIBS,service_bz595r9ozjxuqzh76thf,0,0,
1224,OPEN REDUCTION AND INTERNAL FIXATION OF FRACTURES OF SPINAL COLUMN,OPEN REDUCTION AND INTERNAL FIXATION OF FRACTURES OF SPINAL COLUMN,service_bz595r9ozjxuqzh76thf,0,0,
1225,"OSTEOCLASIS, INTERNAL FIXATION OF MALUNION","OSTEOCLASIS, INTERNAL FIXATION OF MALUNION",service_bz595r9ozjxuqzh76thf,0,0,
1226,Salpingectomy,Salpingectomy,service_bz595r9ozjxuqzh76thf,0,0,
1227,Ultrasound Scan (Obstetric),Ultrasound Scan (Obstetric),service_bz595r9ozjxuqzh76thf,0,0,
1228,IUCD Insertion,IUCD Insertion,service_bz595r9ozjxuqzh76thf,0,0,
1229,IUCD Removal,IUCD Removal,service_bz595r9ozjxuqzh76thf,0,0,
1230,Excision/Diathermy Of Warts,Excision/Diathermy Of Warts,service_bz595r9ozjxuqzh76thf,0,0,
1231,Cervical Cautery,Cervical Cautery,service_bz595r9ozjxuqzh76thf,0,0,
1232,Cervical Cone/Punch Biopsy,Cervical Cone/Punch Biopsy,service_bz595r9ozjxuqzh76thf,0,0,
1233,Colposcopy,Colposcopy,service_bz595r9ozjxuqzh76thf,0,0,
1234,ARTIFICIAL INSEMINATION,ARTIFICIAL INSEMINATION,service_bz595r9ozjxuqzh76thf,0,0,
1235,MVA/ERCP/Evacuation,MVA/ERCP/Evacuation,service_bz595r9ozjxuqzh76thf,0,0,
1236,Cervical Laceration Repair,Cervical Laceration Repair,service_bz595r9ozjxuqzh76thf,0,0,
1237,Removal Of IUCD Under General Anaesthesia,Removal Of IUCD Under General Anaesthesia,service_bz595r9ozjxuqzh76thf,0,0,
1238,Examination Under Anaesthesia (EUA),Examination Under Anaesthesia (EUA),service_bz595r9ozjxuqzh76thf,0,0,
1239,Repair Of Third Degree Tear,Repair Of Third Degree Tear,service_bz595r9ozjxuqzh76thf,0,0,
1240,Excision Of Vaginal Septum,Excision Of Vaginal Septum,service_bz595r9ozjxuqzh76thf,0,0,
1241,Hydrotubation,Hydrotubation,service_bz595r9ozjxuqzh76thf,0,0,
1242,Marsupialisation,Marsupialisation,service_bz595r9ozjxuqzh76thf,0,0,
1243,Pelvic/abdominal abscess drainage,Pelvic/abdominal abscess drainage,service_bz595r9ozjxuqzh76thf,0,0,
1244,Laparoscopy & Dye Test,Laparoscopy & Dye Test,service_bz595r9ozjxuqzh76thf,0,0,
1245,Bilateral Tubal Ligation,Bilateral Tubal Ligation,service_bz595r9ozjxuqzh76thf,0,0,
1246,Cervical Cerclage/Shirodkar Suture,Cervical Cerclage/Shirodkar Suture,service_bz595r9ozjxuqzh76thf,0,0,
1247,Destructive Delivery (Craniotomy-Embryotomy),Destructive Delivery (Craniotomy-Embryotomy),service_bz595r9ozjxuqzh76thf,0,0,
1248,1 Laparoscopy,1 Laparoscopy,service_bz595r9ozjxuqzh76thf,0,0,
1249,Caesarean section,Caesarean section,service_bz595r9ozjxuqzh76thf,0,0,
1250,Repair of ruptured uterus,Repair of ruptured uterus,service_bz595r9ozjxuqzh76thf,0,0,
1251,Colporrhaphy/colpoperineorrhaphy,Colporrhaphy/colpoperineorrhaphy,service_bz595r9ozjxuqzh76thf,0,0,
1252,Ectopic pregnancy,Ectopic pregnancy,service_bz595r9ozjxuqzh76thf,0,0,
1253,Hysterectomy,Hysterectomy,service_bz595r9ozjxuqzh76thf,0,0,
1254,Hysterectomy and bilateral salpingooophorectomy,Hysterectomy and bilateral salpingooophorectomy,service_bz595r9ozjxuqzh76thf,0,0,
1255,Myomectomy,Myomectomy,service_bz595r9ozjxuqzh76thf,0,0,
1256,Salpingo-oophorectomy,Salpingo-oophorectomy,service_bz595r9ozjxuqzh76thf,0,0,
1257,Ovarectomy/ovarian cysts,Ovarectomy/ovarian cysts,service_bz595r9ozjxuqzh76thf,0,0,
1258,Vesicovaginal/Rectovaginal fistula repair,Vesicovaginal/Rectovaginal fistula repair,service_bz595r9ozjxuqzh76thf,0,0,
1259,Rhogam Injection,Rhogam Injection,service_bz595r9ozjxuqzh76thf,0,0,
1260,ANC Care,ANC Care,service_bz595r9ozjxuqzh76thf,0,0,
1261,Normal Delivery,Normal Delivery,service_bz595r9ozjxuqzh76thf,0,0,
1262,Assisted Delivery,Assisted Delivery,service_bz595r9ozjxuqzh76thf,0,0,
1263,"(Forceps,Vaccum etc)","(Forceps,Vaccum etc)",service_bz595r9ozjxuqzh76thf,0,0,
1264,Twin Delivery,Twin Delivery,service_bz595r9ozjxuqzh76thf,0,0,
1265,"Foreign Body Removal From The Ear, Nose And Throat","Foreign Body Removal From The Ear, Nose And Throat",service_bz595r9ozjxuqzh76thf,0,0,
1266,Electrocautery Of Nose,Electrocautery Of Nose,service_bz595r9ozjxuqzh76thf,0,0,
1267,Nasal Packing,Nasal Packing,service_bz595r9ozjxuqzh76thf,0,0,
1268,Aural And Nasal Suction/Clearance,Aural And Nasal Suction/Clearance,service_bz595r9ozjxuqzh76thf,0,0,
1269,Incision And Drainage Of Abscess,Incision And Drainage Of Abscess,service_bz595r9ozjxuqzh76thf,0,0,
1270,Debridement And Toilet Of Wounds,Debridement And Toilet Of Wounds,service_bz595r9ozjxuqzh76thf,0,0,
1271,Suturing Of Lacerations,Suturing Of Lacerations,service_bz595r9ozjxuqzh76thf,0,0,
1272,Manipulation Of Nose,Manipulation Of Nose,service_bz595r9ozjxuqzh76thf,0,0,
1273,Pure Tone Audiometry,Pure Tone Audiometry,service_bz595r9ozjxuqzh76thf,0,0,
1274,Tympanometry,Tympanometry,service_bz595r9ozjxuqzh76thf,0,0,
1275,Aesthetic And Reconstructive Surgery,Aesthetic And Reconstructive Surgery,service_bz595r9ozjxuqzh76thf,0,0,
1276,Antral Larvage,Antral Larvage,service_bz595r9ozjxuqzh76thf,0,0,
1277,Cystic/Fibrous Dysplasia/ Cancer Surgery,Cystic/Fibrous Dysplasia/ Cancer Surgery,service_bz595r9ozjxuqzh76thf,0,0,
1278,Indirect Laryngoscopy,Indirect Laryngoscopy,service_bz595r9ozjxuqzh76thf,0,0,
1279,Laryngeal Surgery,Laryngeal Surgery,service_bz595r9ozjxuqzh76thf,0,0,
1280,Mastoid Surgery,Mastoid Surgery,service_bz595r9ozjxuqzh76thf,0,0,
1281,Multiple Nasal Polypectomy,Multiple Nasal Polypectomy,service_bz595r9ozjxuqzh76thf,0,0,
1282,Nasal Sinus Surgery E.G Caldwell Luc,Nasal Sinus Surgery E.G Caldwell Luc,service_bz595r9ozjxuqzh76thf,0,0,
1283,Odontogenic Tumours.,Odontogenic Tumours.,service_bz595r9ozjxuqzh76thf,0,0,
1284,Parotidectomy,Parotidectomy,service_bz595r9ozjxuqzh76thf,0,0,
1285,Submandibular Gland Excision,Submandibular Gland Excision,service_bz595r9ozjxuqzh76thf,0,0,
1286,Tympanoplasty,Tympanoplasty,service_bz595r9ozjxuqzh76thf,0,0,
1287,CLEFT LIP AND PALATE REPAIRS.,CLEFT LIP AND PALATE REPAIRS.,service_bz595r9ozjxuqzh76thf,0,0,
1288,TONSILECTOMY,TONSILECTOMY,service_bz595r9ozjxuqzh76thf,0,0,
1289,ADENOIDECTOMY,ADENOIDECTOMY,service_bz595r9ozjxuqzh76thf,0,0,
1290,REMOVAL OF IMPACTED CERUMEN (SYRINGING/TOILETING),REMOVAL OF IMPACTED CERUMEN (SYRINGING/TOILETING),service_bz595r9ozjxuqzh76thf,0,0,
1291,Granuloma Excision,Granuloma Excision,service_bz595r9ozjxuqzh76thf,0,0,
1292,Chalazion Surgery,Chalazion Surgery,service_bz595r9ozjxuqzh76thf,0,0,
1293,Pterygium Excision,Pterygium Excision,service_bz595r9ozjxuqzh76thf,0,0,
1294,Corneal Laceration Repair,Corneal Laceration Repair,service_bz595r9ozjxuqzh76thf,0,0,
1295,Glaucoma (Trabeculectomy),Glaucoma (Trabeculectomy),service_bz595r9ozjxuqzh76thf,0,0,
1296,Extracapsular/Intracapsular Cataract Extraction,Extracapsular/Intracapsular Cataract Extraction,service_bz595r9ozjxuqzh76thf,0,0,
1297,Minor,Minor,service_bz595r9ozjxuqzh76thf,0,0,
1298,Bowman's Cautery,Bowman's Cautery,service_bz595r9ozjxuqzh76thf,0,0,
1299,Conjunctival Laceration Repair,Conjunctival Laceration Repair,service_bz595r9ozjxuqzh76thf,0,0,
1300,Diode Laser Cycloablation,Diode Laser Cycloablation,service_bz595r9ozjxuqzh76thf,0,0,
1301,Entropion And Ectropion Repairs,Entropion And Ectropion Repairs,service_bz595r9ozjxuqzh76thf,0,0,
1302,Syringing And Probing,Syringing And Probing,service_bz595r9ozjxuqzh76thf,0,0,
1303,Traumatic Lid Laceration Repair,Traumatic Lid Laceration Repair,service_bz595r9ozjxuqzh76thf,0,0,
1304,Tumor Excision From Lid,Tumor Excision From Lid,service_bz595r9ozjxuqzh76thf,0,0,
1305,Conjuctivectomy And Cryoapplication,Conjuctivectomy And Cryoapplication,service_bz595r9ozjxuqzh76thf,0,0,
1306,Dacrocystorhinostomy,Dacrocystorhinostomy,service_bz595r9ozjxuqzh76thf,0,0,
1307,Evisceration/Enucleation/Exenteration,Evisceration/Enucleation/Exenteration,service_bz595r9ozjxuqzh76thf,0,0,
1308,Intraocular Lens Implantation,Intraocular Lens Implantation,service_bz595r9ozjxuqzh76thf,0,0,
1309,Paracentesis (A/C Washout),Paracentesis (A/C Washout),service_bz595r9ozjxuqzh76thf,0,0,
1310,Penetrating Keratoplasty (PKP),Penetrating Keratoplasty (PKP),service_bz595r9ozjxuqzh76thf,0,0,
1311,Ptosis Repair,Ptosis Repair,service_bz595r9ozjxuqzh76thf,0,0,
1312,Retinal Detachment Surgery,Retinal Detachment Surgery,service_bz595r9ozjxuqzh76thf,0,0,
1313,Squint Surgery,Squint Surgery,service_bz595r9ozjxuqzh76thf,0,0,
1314,Traumatic Cannalicular Repair,Traumatic Cannalicular Repair,service_bz595r9ozjxuqzh76thf,0,0,
1315,Traumatic Corneal And/or Scleral Laceration Repair,Traumatic Corneal And/or Scleral Laceration Repair,service_bz595r9ozjxuqzh76thf,0,0,
1316,DIODE LASER PANRETINAL PHOTOCOAGULATION,DIODE LASER PANRETINAL PHOTOCOAGULATION,service_bz595r9ozjxuqzh76thf,0,0,
1317,CRITICAL CARE (IN ICU),CRITICAL CARE (IN ICU),service_bz595r9ozjxuqzh76thf,0,0,
1318,OXYGEN THERAPY,OXYGEN THERAPY,service_bz595r9ozjxuqzh76thf,0,0,
1319,CRITICAL CARE (IN ICU) PER DAY,CRITICAL CARE (IN ICU) PER DAY,service_bz595r9ozjxuqzh76thf,0,0,
1320,NEBULISATION,NEBULISATION,service_bz595r9ozjxuqzh76thf,0,0,
1321,GASTRIC LAVAGE,GASTRIC LAVAGE,service_bz595r9ozjxuqzh76thf,0,0,
1322,ELECTRO-CONVULSIVE THERAPY per treatment,ELECTRO-CONVULSIVE THERAPY per treatment,service_bz595r9ozjxuqzh76thf,0,0,
1323,ELECTRO-NARCOSIS per COURSE,ELECTRO-NARCOSIS per COURSE,service_bz595r9ozjxuqzh76thf,0,0,
1324,SLEEP (REM) DEPRIVATION THERAPY,SLEEP (REM) DEPRIVATION THERAPY,service_bz595r9ozjxuqzh76thf,0,0,
1325,MANAGEMENT OF DRUG USE PROBLEMS,MANAGEMENT OF DRUG USE PROBLEMS,service_bz595r9ozjxuqzh76thf,0,0,
1326,DETOXIFICATION IN HOSPITAL FOR 7-10 DAYS,DETOXIFICATION IN HOSPITAL FOR 7-10 DAYS,service_bz595r9ozjxuqzh76thf,0,0,
1327,"MANAGEMENT OF DRUG PROBLEMS _ MEDICATION,","MANAGEMENT OF DRUG PROBLEMS _ MEDICATION,",service_bz595r9ozjxuqzh76thf,0,0,
1328,"PSYCHOTHERAPY, FAMILY INTERVENTION","PSYCHOTHERAPY, FAMILY INTERVENTION",service_bz595r9ozjxuqzh76thf,0,0,
1329,COMPREHENSIVE PSYCHIATRIC ASSESSMENT,COMPREHENSIVE PSYCHIATRIC ASSESSMENT,service_bz595r9ozjxuqzh76thf,0,0,
1330,"PSYCHOMETRIC ASSESSMENT, SCORING & INTERPRETATION","PSYCHOMETRIC ASSESSMENT, SCORING & INTERPRETATION",service_bz595r9ozjxuqzh76thf,0,0,
1331,PSYCHOTHERAPIES per session,PSYCHOTHERAPIES per session,service_bz595r9ozjxuqzh76thf,0,0,
1332,Craniotomy,Craniotomy,service_bz595r9ozjxuqzh76thf,0,0,
1333,Subdural Tap,Subdural Tap,service_bz595r9ozjxuqzh76thf,0,0,
1334,Renal dialysis,Renal dialysis,service_bz595r9ozjxuqzh76thf,0,0,
1335,Audiometry,Audiometry,service_bz595r9ozjxuqzh76thf,0,0,
1336,Skin Grafting,Skin Grafting,service_bz595r9ozjxuqzh76thf,0,0,
1337,Aspirations / Paracentesis,Aspirations / Paracentesis,service_bz595r9ozjxuqzh76thf,0,0,
1338,Evacuation Of Impacted Feaces,Evacuation Of Impacted Feaces,service_bz595r9ozjxuqzh76thf,0,0,
1339,Incubator Care / Day,Incubator Care / Day,service_bz595r9ozjxuqzh76thf,0,0,
1340,Lumbar Puncture,Lumbar Puncture,service_bz595r9ozjxuqzh76thf,0,0,
1341,Oxygen Therapy / Day,Oxygen Therapy / Day,service_bz595r9ozjxuqzh76thf,0,0,
1342,Phototherapy / Day,Phototherapy / Day,service_bz595r9ozjxuqzh76thf,0,0,
1343,Cauterization,Cauterization,service_bz595r9ozjxuqzh76thf,0,0,
1344,Circumcision,Circumcision,service_bz595r9ozjxuqzh76thf,0,0,
1345,Clucthes,Clucthes,service_bz595r9ozjxuqzh76thf,0,0,
1346,Congenital Multiple Digits Or Syndactyly,Congenital Multiple Digits Or Syndactyly,service_bz595r9ozjxuqzh76thf,0,0,
1347,Ear Piercing,Ear Piercing,service_bz595r9ozjxuqzh76thf,0,0,
1348,Knee Effusion Taps,Knee Effusion Taps,service_bz595r9ozjxuqzh76thf,0,0,
1349,Major Wound Dressing,Major Wound Dressing,service_bz595r9ozjxuqzh76thf,0,0,
1350,Minor Wound Dressing,Minor Wound Dressing,service_bz595r9ozjxuqzh76thf,0,0,
1351,Tongue Tie Release,Tongue Tie Release,service_bz595r9ozjxuqzh76thf,0,0,
1352,Minor Debridement Of Burns,Minor Debridement Of Burns,service_bz595r9ozjxuqzh76thf,0,0,
1353,Relase Of Chordate,Relase Of Chordate,service_bz595r9ozjxuqzh76thf,0,0,
1354,Repair Of Minor Laceration,Repair Of Minor Laceration,service_bz595r9ozjxuqzh76thf,0,0,
1355,Exchange Blood Transfusion (Rh +Ve Blood With Set),Exchange Blood Transfusion (Rh +Ve Blood With Set),service_bz595r9ozjxuqzh76thf,0,0,
1356,Exchange Blood Transfusion (Rh -Ve Blood With Set),Exchange Blood Transfusion (Rh -Ve Blood With Set),service_bz595r9ozjxuqzh76thf,0,0,
1357,6 Courses of Podophyllin 10ting X for Perineal Warts,6 Courses of Podophyllin 10ting X for Perineal Warts,service_bz595r9ozjxuqzh76thf,0,0,
1358,PAP Smears for cytological examination - [Pap smear],PAP Smears for cytological examination - [Pap smear],service_bz595r9ozjxuqzh76thf,0,0,
1359,Prostate Cancer,Prostate Cancer,service_bz595r9ozjxuqzh76thf,0,0,
1360,Colon Cancer,Colon Cancer,service_bz595r9ozjxuqzh76thf,0,0,
1361,Uterine Cancer,Uterine Cancer,service_bz595r9ozjxuqzh76thf,0,0,
1362,Liver Cancer,Liver Cancer,service_bz595r9ozjxuqzh76thf,0,0,
1363,Lung Cancer,Lung Cancer,service_bz595r9ozjxuqzh76thf,0,0,
1364,Stomach Cancer,Stomach Cancer,service_bz595r9ozjxuqzh76thf,0,0,
1365,Brain Cancer,Brain Cancer,service_bz595r9ozjxuqzh76thf,0,0,
1366,Glaucoma Eye Test,Glaucoma Eye Test,service_bz595r9ozjxuqzh76thf,0,0,
1367,Audiological Ear Assessment,Audiological Ear Assessment,service_bz595r9ozjxuqzh76thf,0,0,
1368,Liver Test,Liver Test,service_bz595r9ozjxuqzh76thf,0,0,
1369,Kidney Test,Kidney Test,service_bz595r9ozjxuqzh76thf,0,0,
1370,Thyroid Test,Thyroid Test,service_bz595r9ozjxuqzh76thf,0,0,
1371,Hepatitis B Test,Hepatitis B Test,service_bz595r9ozjxuqzh76thf,0,0,
1372,Basic Health Check,Basic Health Check,service_bz595r9ozjxuqzh76thf,0,0,
1373,Comprehensive Health Check,Comprehensive Health Check,service_bz595r9ozjxuqzh76thf,0,0,
1374,10 HbAic Test,10 HbAic Test,service_bz595r9ozjxuqzh76thf,0,0,
1375,Pre Employment Tests,Pre Employment Tests,service_bz595r9ozjxuqzh76thf,0,0,
1376,Heart Tracker,Heart Tracker,service_bz595r9ozjxuqzh76thf,0,0,
1377,Foreign Medical Treatment,Foreign Medical Treatment,service_bz595r9ozjxuqzh76thf,0,0,
1378,Medical Concierge,Medical Concierge,service_bz595r9ozjxuqzh76thf,0,0,
1379,Health Insurance,Health Insurance,service_bz595r9ozjxuqzh76thf,0,0,
1380,Talk To A Doctor,Talk To A Doctor,service_bz595r9ozjxuqzh76thf,0,0,
1381,Gym & Fitness Services,Gym & Fitness Services,service_bz595r9ozjxuqzh76thf,0,0,
1382,Weight loss counselling and wellness,Weight loss counselling and wellness,service_bz595r9ozjxuqzh76thf,0,0,
1383,5,5,service_bz595r9ozjxuqzh76thf,0,0,
1384,Evacuation from Home to Hospital,Evacuation from Home to Hospital,service_bz595r9ozjxuqzh76thf,0,0,
1385,Evacuation from hospital to hospital,Evacuation from hospital to hospital,service_bz595r9ozjxuqzh76thf,0,0,
1386,Evacuation from accident site to hospital,Evacuation from accident site to hospital,service_bz595r9ozjxuqzh76thf,0,0,
1387,Air Ambulance,Air Ambulance,service_bz595r9ozjxuqzh76thf,0,0,
