"Diagnostic","CT","CT 3 D Reconstruction "
"Diagnostic","CT","CT 3DCT"
"Diagnostic","CT","CT Abdomen"
"Diagnostic","CT","CT Abdomen and Pelvis "
"Diagnostic","CT","CT angiogram-aortic"
"Diagnostic","CT","CT Ankel Joint Left"
"Diagnostic","CT","CT Ankel Joint Right"
"Diagnostic","CT","CT Ankle Joint"
"Diagnostic","CT","CT Ankle Joint (Plain)"
"Diagnostic","CT","CT Brain"
"Diagnostic","CT","CT Brain (Plain)"
"Diagnostic","CT","CT BRAIN + CONTRAST"
"Diagnostic","CT","CT Brain Angiography"
"Diagnostic","CT","CT Brain With Sella (Plain)"
"Diagnostic","CT","CT CALCIUM SCORING"
"Diagnostic","CT","CT CARDIAC"
"Diagnostic","CT","CT Cardiac With Coronary Vessels"
"Diagnostic","CT","CT Carotid Angiography "
"Diagnostic","CT","CT CERVICAL SPINE"
"Diagnostic","CT","CT CERVICO-DORSAL SPINE"
"Diagnostic","CT","CT Chest"
"Diagnostic","CT","CT Chest (Plain)"
"Diagnostic","CT","CT Chest / Abdomen and Pelvis (Plain)"
"Diagnostic","CT","CT Chest / Thorax (Plain)"
"Diagnostic","CT","CT Chest with Abdomen (Plain)"
"Diagnostic","CT","CT CRANIOFACIAL"
"Diagnostic","CT","CT DORSAL SPINE"
"Diagnostic","CT","CT DORSO-LUMAR SPINE"
"Diagnostic","CT","CT Elbow"
"Diagnostic","CT","CT Elbow (Plain)"
"Diagnostic","CT","CT Elbow Left"
"Diagnostic","CT","CT Elbow Right"
"Diagnostic","CT","CT Extended Peripheral Angiography"
"Diagnostic","CT","CT Extremity (Plain)"
"Diagnostic","CT","CT Extremity (Plain+Contrast)"
"Diagnostic","CT","CT FINGER"
"Diagnostic","CT","CT GUIDED BIOPSY"
"Diagnostic","CT","CT Hand"
"Diagnostic","CT","CT Hand (Plain)"
"Diagnostic","CT","CT Hand Left"
"Diagnostic","CT","CT Hand Right"
"Diagnostic","CT","CT Hip Joint"
"Diagnostic","CT","CT Hip Joint (Plain)"
"Diagnostic","CT","CT HIP JOINT LEFT"
"Diagnostic","CT","CT HIP JOINT RIGHT"
"Diagnostic","CT","CT HR Chest "
"Diagnostic","CT","CT HR Chest (Plain)"
"Diagnostic","CT","CT HR Temporal Bone "
"Diagnostic","CT","CT IAM Cuts Plain"
"Diagnostic","CT","CT IVP / IVU"
"Diagnostic","CT","CT Joints"
"Diagnostic","CT","CT Knee"
"Diagnostic","CT","CT KNEE (LEFT)"
"Diagnostic","CT","CT KNEE (RIGHT)"
"Diagnostic","CT","CT Leg"
"Diagnostic","CT","CT Leg (Plain)"
"Diagnostic","CT","CT LEG LEFT"
"Diagnostic","CT","CT LEG RIGHT"
"Diagnostic","CT","CT Lower Abdomen and Pelvis "
"Diagnostic","CT","CT Lumbar Spine"
"Diagnostic","CT","CT Mandible Bone "
"Diagnostic","CT","CT MASTDIN"
"Diagnostic","CT","CT Maxilla Contrast"
"Diagnostic","CT","CT Maxilla Plain"
"Diagnostic","CT","CT MAXILLOFACIAL"
"Diagnostic","CT","CT Myelogram"
"Diagnostic","CT","CT NASOPHARYNX"
"Diagnostic","CT","CT Nasopharynx & Base of Skull"
"Diagnostic","CT","CT Neck "
"Diagnostic","CT","CT Neck (Plain)"
"Diagnostic","CT","CT NECK + CONTRAST"
"Diagnostic","CT","CT Orbit "
"Diagnostic","CT","CT Orbit (Plain)"
"Diagnostic","CT","CT Para Nasal Sinuses (Limited)"
"Diagnostic","CT","CT Pelvimetry"
"Diagnostic","CT","CT Pelvis "
"Diagnostic","CT","CT Pelvis (Plain)"
"Diagnostic","CT","CT Peripheral Angiography-Lower Extremity"
"Diagnostic","CT","CT Peripheral Angiography-Upper Extremity"
"Diagnostic","CT","CT Pulmonary Angiography"
"Diagnostic","CT","CT Renal Angiography"
"Diagnostic","CT","CT RIBS"
"Diagnostic","CT","CT Sacro-iliac Joint "
"Diagnostic","CT","CT Sacro-iliac Joint (Plain)"
"Diagnostic","CT","CT Scanogram"
"Diagnostic","CT","CT Sella Contrast"
"Diagnostic","CT","CT Sella Plain"
"Diagnostic","CT","CT Shoulder Joint "
"Diagnostic","CT","CT Shoulder Joint (Plain)"
"Diagnostic","CT","CT SHOULDER JOINT LEFT"
"Diagnostic","CT","CT SHOULDER JOINT RIGHT"
"Diagnostic","CT","CT Spine"
"Diagnostic","CT","CT Spine (3 Level) Contrast"
"Diagnostic","CT","CT Spine (Plain)"
"Diagnostic","CT","CT Spine(3 level) Plain"
"Diagnostic","CT","CT Upper Abdomen (Plain)"
"Diagnostic","CT","CT Venography"
"Diagnostic","CT","CT Wrist"
"Diagnostic","CT","CT Wrist (Plain)"
"Diagnostic","CT","CT WRIST LEFT"
"Diagnostic","CT","CT WRIST RIGHT"
"Diagnostic","CT","HRCT CHEST"
"Diagnostic","MRI","MRI Abdomen & Pelvis - [1.5 Tesla] "
"Diagnostic","MRI","MRI Abdomen - [1.5 Tesla] "
"Diagnostic","MRI","MRI Ankle Joint (LEFT) - [1.5 Tesla] "
"Diagnostic","MRI","MRI Ankle Joint (RIGHT) - [1.5 Tesla] "
"Diagnostic","MRI","MRI ANKLE JOINT LEFT - [1.5 Tesla] "
"Diagnostic","MRI","MRI ANKLE JOINT RIGHT - [1.5 Tesla] "
"Diagnostic","MRI","MRI Arm (Right) - [1.5 Tesla] "
"Diagnostic","MRI","MRI ARM LEFT - [1.5 Tesla] "
"Diagnostic","MRI","MRI ARM RIGHT - [1.5 Tesla] "
"Diagnostic","MRI","MRI Brain & Angiography - [1.5 Tesla] "
"Diagnostic","MRI","MRI Brain & Venogram - [1.5 Tesla] "
"Diagnostic","MRI","MRI Brain - [1.5 Tesla] "
"Diagnostic","MRI","MRI Brain With  Contrast - [1.5 Tesla] "
"Diagnostic","MRI","MRI Brain With Pituitary - [1.5 Tesla] "
"Diagnostic","MRI","MRI BREAST"
"Diagnostic","MRI","MRI Cervical Spine - [1.5 Tesla] "
"Diagnostic","MRI","MRI Chest - [1.5 Tesla] "
"Diagnostic","MRI","MRI CRANIOFACIAL - [1.5 Tesla] "
"Diagnostic","MRI","MRI Dorsal Spine - [1.5 Tesla] "
"Diagnostic","MRI","MRI DORSO-LUMBAR - [1.5 Tesla] "
"Diagnostic","MRI","MRI Elbow - [1.5 Tesla] "
"Diagnostic","MRI","MRI ELBOW LEFT - [1.5 Tesla] "
"Diagnostic","MRI","MRI ELBOW RIGHT - [1.5 Tesla] "
"Diagnostic","MRI","MRI Femur - [1.5 Tesla] "
"Diagnostic","MRI","MRI FEMUR LEFT - [1.5 Tesla] "
"Diagnostic","MRI","MRI FEMUR RIGHT - [1.5 Tesla] "
"Diagnostic","MRI","MRI Hand - [1.5 Tesla] "
"Diagnostic","MRI","MRI HAND LEFT - [1.5 Tesla] "
"Diagnostic","MRI","MRI HAND RIGHT - [1.5 Tesla] "
"Diagnostic","MRI","MRI Hip Joint - [1.5 Tesla] "
"Diagnostic","MRI","MRI HIP JOINT LEFT - [1.5 Tesla] "
"Diagnostic","MRI","MRI HIP JOINT RIGHT - [1.5 Tesla] "
"Diagnostic","MRI","MRI KNEE (LEFT) - [1.5 Tesla] "
"Diagnostic","MRI","MRI KNEE (RIGHT) - [1.5 Tesla] "
"Diagnostic","MRI","MRI Knee - [1.5 Tesla] "
"Diagnostic","MRI","MRI KNEE LEFT - [1.5 Tesla] "
"Diagnostic","MRI","MRI KNEE RIGHT - [1.5 Tesla] "
"Diagnostic","MRI","MRI Leg - [1.5 Tesla] "
"Diagnostic","MRI","MRI LEG LEFT - [1.5 Tesla] "
"Diagnostic","MRI","MRI LEG RIGHT - [1.5 Tesla] "
"Diagnostic","MRI","MRI Lumbar Spine - [1.5 Tesla] "
"Diagnostic","MRI","MRI MAXILLOFACIAL - [1.5 Tesla] "
"Diagnostic","MRI","MRI MRCP Abdomen with Contrast - [1.5 Tesla] "
"Diagnostic","MRI","MRI NECK + CONTRAST - [1.5 Tesla] "
"Diagnostic","MRI","MRI Neck - [1.5 Tesla] "
"Diagnostic","MRI","MRI Orbits - [1.5 Tesla] "
"Diagnostic","MRI","MRI PAEDIATRICS [1.5 Tesla]"
"Diagnostic","MRI","MRI Pelvis - [1.5 Tesla] "
"Diagnostic","MRI","MRI Pitutary - [1.5 Tesla] "
"Diagnostic","MRI","MRI PNS - [1.5 Tesla] "
"Diagnostic","MRI","MRI Prostate - [1.5 Tesla] "
"Diagnostic","MRI","MRI Sacro Iliac joints - [1.5 Tesla] "
"Diagnostic","MRI","MRI Screening - [1.5 Tesla] "
"Diagnostic","MRI","MRI Shoulder Joint (Left) - [1.5 Tesla] "
"Diagnostic","MRI","MRI Shoulder Joint (Right) - [1.5 Tesla] "
"Diagnostic","MRI","MRI SHOULDER JOINT LEFT - [1.5 Tesla] "
"Diagnostic","MRI","MRI SHOULDER JOINT RIGHT - [1.5 Tesla] "
"Diagnostic","MRI","MRI TOE/FOOT LEFT - [1.5 Tesla] "
"Diagnostic","MRI","MRI TOE/FOOT RIGHT - [1.5 Tesla] "
"Diagnostic","MRI","MRI Whole Body Scan"
"Diagnostic","MRI","MRI Whole Body Scan - [1.5 Tesla] "
"Diagnostic","MRI","MRI Wrist - [1.5 Tesla] "
"Diagnostic","MRI","MRI WRIST LEFT - [1.5 Tesla] "
"Diagnostic","MRI","MRI WRIST RIGHT - [1.5 Tesla] "
"Diagnostic","Ultrasound Scan And Imaging","Abdomen Scan"
"Diagnostic","Ultrasound Scan And Imaging","Gynaecology Scan"
"Diagnostic","Ultrasound Scan And Imaging","Pelvic Scan"
"Diagnostic","Ultrasound Scan And Imaging","Breast Scan"
"Diagnostic","Ultrasound Scan And Imaging","Testes Scan"
"Diagnostic","Ultrasound Scan And Imaging","Thyroid Scan"
"Diagnostic","Ultrasound Scan And Imaging","Prostate Scan"
"Diagnostic","Ultrasound Scan And Imaging","Ovulometry/TV Scan"
"Diagnostic","Ultrasound Scan And Imaging","Bladder Scan"
"Diagnostic","Ultrasound Scan And Imaging","Transvaginal/Folliculometry Scan"
"Diagnostic","Ultrasound Scan And Imaging","Dental-Intra-Oral Periapical Scan"
"Diagnostic","Ultrasound Scan And Imaging","Obstetric Scan"
"Diagnostic","X-Rays Imaging","Angiography"
"Diagnostic","X-Rays Imaging","Arthrogram"
"Diagnostic","X-Rays Imaging","Barium Enema"
"Diagnostic","X-Rays Imaging","Barium Meal With Gastrografin "
"Diagnostic","X-Rays Imaging","Barium Meal/Follow Through"
"Diagnostic","X-Rays Imaging","Barium Swallow"
"Diagnostic","X-Rays Imaging","Cholecytogram"
"Diagnostic","X-Rays Imaging","Cysto-Urethrogram"
"Diagnostic","X-Rays Imaging","Deep Venogram "
"Diagnostic","X-Rays Imaging","Fistulogram"
"Diagnostic","X-Rays Imaging","Hysterosalpingogram "
"Diagnostic","X-Rays Imaging","Intravenous Cholangiogram"
"Diagnostic","X-Rays Imaging","Intravenous Urogram"
"Diagnostic","X-Rays Imaging","Intravenous Pyelogram "
"Diagnostic","X-Rays Imaging","Mammography "
"Diagnostic","X-Rays Imaging","Micturating Cystourethrogram (MCUG)"
"Diagnostic","X-Rays Imaging","Retrograde urethrogram (RCUG)"
"Diagnostic","X-Rays Imaging","Venogram (One Leg)"
"Diagnostic","X-Rays Imaging","Myelogram"
"Diagnostic","X-Rays Imaging","Oral Cholecytogram "
"Diagnostic","X-Rays Imaging","Percutenous Transphepatic Cholangiogram"
"Diagnostic","X-Rays Imaging","Peripheral Arteriography "
"Diagnostic","X-Rays Imaging","Phlebogram"
"Diagnostic","X-Rays Imaging","Sialogram"
"Diagnostic","X-Rays Imaging","Fistulogram/Sinogram"
"Diagnostic","X-Rays Imaging","Cyst-Urethrogram"
"Diagnostic","X-Rays Imaging","Oral Cholecystogram"
"Diagnostic","X-Rays Imaging","Intravenous Cholangiogram"
"Diagnostic","X-Rays Imaging","Fluoroscopy"
"Diagnostic","X-Rays Imaging","Sinography/ Fistulography "
"Diagnostic","X-Rays Imaging","Sinuses"
"Diagnostic","X-Rays Imaging","Skeletal Survey"
"Diagnostic","X-Rays Imaging","Skeletal survey (Adult)"
"Diagnostic","X-Rays Imaging","Hand/Finger"
"Diagnostic","X-Rays Imaging","Wrist"
"Diagnostic","X-Rays Imaging","Forearm (Radius And Ulna)"
"Diagnostic","X-Rays Imaging","Elbow"
"Diagnostic","X-Rays Imaging","Humerus"
"Diagnostic","X-Rays Imaging","Shoulder"
"Diagnostic","X-Rays Imaging","Clavicle"
"Diagnostic","X-Rays Imaging","Foot/Toe"
"Diagnostic","X-Rays Imaging","Ankle"
"Diagnostic","X-Rays Imaging","Leg (Tibia/Fibula)"
"Diagnostic","X-Rays Imaging","Knee"
"Diagnostic","X-Rays Imaging","Thigh(Femur)"
"Diagnostic","X-Rays Imaging","Hip"
"Diagnostic","X-Rays Imaging","Pelvis( AP)"
"Diagnostic","X-Rays Imaging","Pelvis & Hip"
"Diagnostic","X-Rays Imaging","Chest (PA/AP)"
"Diagnostic","X-Rays Imaging","Chest (PA/Lateral)"
"Diagnostic","X-Rays Imaging","Chest For Ribs (Oblique)"
"Diagnostic","X-Rays Imaging","Apical/Lordotic"
"Diagnostic","X-Rays Imaging","Sternum"
"Diagnostic","X-Rays Imaging","Thoracic Inlet"
"Diagnostic","X-Rays Imaging","Cervical Spine"
"Diagnostic","X-Rays Imaging","Lateral Neck (Soft Tissue)"
"Diagnostic","X-Rays Imaging","Thoracic Spine"
"Diagnostic","X-Rays Imaging","Thoraco- Lumbar Spine"
"Diagnostic","X-Rays Imaging","Lumbar Spine"
"Diagnostic","X-Rays Imaging","Lumbo- Sacral Spine"
"Diagnostic","X-Rays Imaging","Sacrum"
"Diagnostic","X-Rays Imaging","Coccyx"
"Diagnostic","X-Rays Imaging","Sacro- Iliac Joint (SIJ)"
"Diagnostic","X-Rays Imaging","Cervical Spine (Oblique)"
"Diagnostic","X-Rays Imaging","Plain Abdomen"
"Diagnostic","X-Rays Imaging","Erect/Supine Abdomen"
"Diagnostic","X-Rays Imaging","Pelvimetry"
"Diagnostic","X-Rays Imaging","Mastoids"
"Diagnostic","X-Rays Imaging","Mandibles (Jaw)"
"Diagnostic","X-Rays Imaging","X-Ray Sinuses  Ap/Lnt/Om"
"Diagnostic","X-Rays Imaging","X-Ray Skull (AP/LAT)"
"Diagnostic","X-Rays Imaging","X-Ray Skull (Pa/Lat/Townes)"
"Diagnostic","X-Rays Imaging","X-Ray Sternum"
"Diagnostic","X-Rays Imaging","X-Ray Tagential"
"Diagnostic","X-Rays Imaging","X-Ray Temporo-Mandibular Joints  (TMJ)"
"Diagnostic","ECG","ECG"
"Diagnostic","ECG","Post Exercise ECG"
"Diagnostic","ECHO","Color Doppler"
"Diagnostic","EEG","EEG"
"Diagnostic","GENETICS","Chromosomal Analysis-High resolution banding -  [Blood]"
"Diagnostic","GENETICS","HBV-DNA Quantification (Viral load) -  [Serum or plasma]"
"Diagnostic","","Sigmoidoscopy"
"Diagnostic","Histopathology","Biopsy- Large  specimen for histology -  [Tissue]"
"Diagnostic","Histopathology","Biopsy- Large and Complex specimen for histology -  [Tissue]"
"Diagnostic","Histopathology","Biopsy- Medium specimen  for histology -  [Tissue]"
"Diagnostic","Histopathology","Biopsy- Small specimen for histology -  [Tissue]"
"Diagnostic","Histopathology","Biopsy-Second opinion slides/blocks for histopathological examination.  -  [Block/ Slide]"
"Diagnostic","Histopathology","Biopsy-Skin biopsy for histology with special stain (SOS) -  [Tissue]"
"Diagnostic","Histopathology","Body fluid,Rt Exam With  cytology and microbiology -  [Body fluid]"
"Diagnostic","Histopathology","FNAC - cytological examination -  [FNAC fluid] "
"Diagnostic","Histopathology","FNAC procedure charges  -  [Walk in patient] "
"Diagnostic","Histopathology","Giemsa Stain for histopathology -  [Tissue] "
"Diagnostic","Histopathology","Histopathology- BILATERAL BREAST LUMPS  -  [Tissue]"
"Diagnostic","Histopathology","Histopathology- Large  specimen  -  [Tissue] "
"Diagnostic","Histopathology","Histopathology- Large and Complex specimen  -  [Tissue] "
"Diagnostic","Histopathology","Histopathology- Medium specimen  -  [Tissue] "
"Diagnostic","Histopathology","Histopathology- Small specimen  -  [Tissue] "
"Diagnostic","Histopathology","Histopathology-GASTRIC BIOPSY  -  [Tissue]"
"Diagnostic","Histopathology","Histopathology-Liver Biopsy"
"Diagnostic","Histopathology","Histopathology-Skin biopsy with special stain (SOS) -  [Tissue] "
"Diagnostic","Histopathology","Masson Trichrome stain for histopathology -  [Tissue] "
"Diagnostic","Histopathology","PAS stain for histopathology -  [Tissue] "
"Diagnostic","Histopathology","PTAH Stain for histopathology -  [Tissue] "
"Diagnostic","Histopathology","Reticulin Stain (For histopathology) -  [Tissue] "
"Diagnostic","Histopathology","Routine examination, Sputum, Comprehensive (Includes cytology and microbiology) -  [Sputum] "
"Diagnostic","Cytology","Cytology -  [Aspirates] "
"Diagnostic","Cytology","Cytology -  [Body fluid] "
"Diagnostic","Cytology","Cytology -  [Sputum] "
"Diagnostic","Cytology","Cytology -  [Urine] "
"Diagnostic","Cytology","Cytology -  [Washing fluid] "
"Diagnostic","Biochemistry","Alanine Transaminase (SGPT)"
"Diagnostic","Biochemistry","Albumin"
"Diagnostic","Biochemistry","Alkaline Phosphatase"
"Diagnostic","Biochemistry","Aspartate Transaminase (SGOT)"
"Diagnostic","Biochemistry","Fasting Blood Sugar"
"Diagnostic","Biochemistry","Random Blood Sugar"
"Diagnostic","Biochemistry","Calcium"
"Diagnostic","Biochemistry","Creatinine"
"Diagnostic","Biochemistry","Creatinine Clearance"
"Diagnostic","Biochemistry","CSF Protein"
"Diagnostic","Biochemistry","CSF Sugar"
"Diagnostic","Biochemistry","Electrolyte - Na+"
"Diagnostic","Biochemistry","Electrolyte - K+"
"Diagnostic","Biochemistry","Electrolyte - CL-"
"Diagnostic","Biochemistry","Electrolyte - HCO3-"
"Diagnostic","Biochemistry","Electrolyte and Urea"
"Diagnostic","Biochemistry","Electrolyte, Urea & Creatinine"
"Diagnostic","Biochemistry","Glucose6-Phosphate-dehydrogenase"
"Diagnostic","Biochemistry","Lipid profile"
"Diagnostic","Biochemistry","Liver function Test"
"Diagnostic","Biochemistry","Phosphorus"
"Diagnostic","Biochemistry","Pregnancy Test (Beta HCG - Blood)"
"Diagnostic","Biochemistry","Protein, Total"
"Diagnostic","Biochemistry","Urea"
"Diagnostic","Biochemistry","Uric arid"
"Diagnostic","Biochemistry","Urinalysis dipstick"
"Diagnostic","Biochemistry","24hr Post Prandial"
"Diagnostic","Biochemistry","Glucose Tolerance Test"
"Diagnostic","Biochemistry","Total Bilirubim"
"Diagnostic","Biochemistry","Direct Bilirubim"
"Diagnostic","Biochemistry","Total Protein"
"Diagnostic","Biochemistry","Uric Acid"
"Diagnostic","Biochemistry","Calcium"
"Diagnostic","Biochemistry","Prostatic Acid Phosphates"
"Diagnostic","Biochemistry","Total Acid Phosphates"
"Diagnostic","Biochemistry","Amylase"
"Diagnostic","Biochemistry","Cholesterol"
"Diagnostic","Biochemistry","Triglyceride"
"Diagnostic","Biochemistry","CSF Glucose"
"Diagnostic","Biochemistry","CSF Protein"
"Diagnostic","Biochemistry","CSF Chloride"
"Diagnostic","Biochemistry","HDL/LDL Cholesterol"
"Diagnostic","Biochemistry","Gamma Gt"
"Diagnostic","Biochemistry","CK Amylase"
"Diagnostic","Biochemistry","Protein Electrophoresis + Report"
"Diagnostic","Biochemistry","Oral Glucose Tolerance Test(OGTT)"
"Diagnostic","Blood Tests","Bleeding Time"
"Diagnostic","Blood Tests","Blood film report"
"Diagnostic","Blood Tests","Blood grouping + Rh"
"Diagnostic","Blood Tests","Clotting Time"
"Diagnostic","Blood Tests","C-Reactive protein (CRP)"
"Diagnostic","Blood Tests","Cross matching"
"Diagnostic","Blood Tests","Direct Coombs test"
"Diagnostic","Blood Tests","ESR"
"Diagnostic","Blood Tests","Fibrinogen"
"Diagnostic","Blood Tests","G6PD qualitative"
"Diagnostic","Blood Tests","G6PD quantitative"
"Diagnostic","Blood Tests","Genotype"
"Diagnostic","Blood Tests","Haemoglobin                                               "
"Diagnostic","Blood Tests","HIV Confirmation (Western Blot)"
"Diagnostic","Blood Tests","HIV Screening (HIV 1 & 11) antibodies"
"Diagnostic","Blood Tests","Indirect Coombs test"
"Diagnostic","Blood Tests","INR"
"Diagnostic","Blood Tests","Malaria ICT"
"Diagnostic","Blood Tests","Malaria parasites (QBC Malaria)"
"Diagnostic","Blood Tests","MCH"
"Diagnostic","Blood Tests","MCHC"
"Diagnostic","Blood Tests","MCV"
"Diagnostic","Blood Tests","O+ve pint of blood"
"Diagnostic","Blood Tests","O-ve pint of blood"
"Diagnostic","Blood Tests","Packed Cell Volume (PCV)                    "
"Diagnostic","Blood Tests","Platelet count"
"Diagnostic","Blood Tests","Prothombin Time (PT)"
"Diagnostic","Blood Tests","PTTK"
"Diagnostic","Blood Tests","Reticulocyte count  "
"Diagnostic","Blood Tests","sickle Cell screening"
"Diagnostic","Blood Tests","WBC Differential                                          - (FBC)"
"Diagnostic","Blood Tests","WBC Total                                                       "
"Diagnostic","Microbiology","Adenovirus"
"Diagnostic","Microbiology","Blood culture and sensitivity"
"Diagnostic","Microbiology","CSF M/C/S"
"Diagnostic","Microbiology","Hepatitis B DNA viral load"
"Diagnostic","Microbiology","Hepatitis B surface antigen (HBsAg)"
"Diagnostic","Microbiology","Hepatitis C"
"Diagnostic","Microbiology","Hepatitis C DNA viral load"
"Diagnostic","Microbiology","HVS MCS"
"Diagnostic","Microbiology","Mantoux (Tuberculin Test)"
"Diagnostic","Microbiology","Rapid TB Test "
"Diagnostic","Microbiology","Rotavirus"
"Diagnostic","Microbiology","Sputum M/C/S"
"Diagnostic","Microbiology","Sputum ZN stain for AFB"
"Diagnostic","Microbiology","Stool M/C/S"
"Diagnostic","Microbiology","Stool microscopy"
"Diagnostic","Microbiology","Stool Occult blood"
"Diagnostic","Microbiology","Swab M/C/S (wound eye, ear, urethra, etc)"
"Diagnostic","Microbiology","TB Quantiferon"
"Diagnostic","Microbiology","TPHA"
"Diagnostic","Microbiology","Urine M/C/S"
"Diagnostic","Microbiology","Urine Microscopy"
"Diagnostic","Microbiology","VDRL"
"Diagnostic","Microbiology","Widal test"
"Diagnostic","Microbiology","Urinalysis"
"Diagnostic","Microbiology","Semen Culture And Sensitivity"
"Diagnostic","Microbiology","Semen Analysis"
"Diagnostic","Microbiology","Aspirate Pus M/C/S"
"Diagnostic","Microbiology","Microfilaria"
"Diagnostic","Microbiology","Urethral And Wound M/C/S"
"Diagnostic","Microbiology","Skin Snip"
"Diagnostic","Microbiology","Skin Scraping For Fungal Elements"
"Diagnostic","Microbiology","Sputum AFB For Tuberculosis X3"
"Diagnostic","Serology","Urine Pregnancy Test"
"Diagnostic","Serology","ASO Titre (nephrology)"
"Diagnostic","Serology","ASO Titre/anti DnascB"
"Diagnostic","Serology","C-Reactive protein (CRP)"
"Diagnostic","Serology","Helicobacter pylori (serum)"
"Diagnostic","Serology","Helicobacter pylori (stool antigen)"
"Diagnostic","Serology","Herpes Simplex 1 & 11 (1gm/1gG)"
"Diagnostic","Serology","TORCH Screen"
"Diagnostic","Serology","Widal"
"Diagnostic","Serology","Vdrl"
"Diagnostic","Serology","Australian Antigen"
"Diagnostic","Serology","Rheumatoid Factor"
"Diagnostic","Serology","Pregnancy Test HCG (Blood)"
"Diagnostic","Serology","R.f. Coombs"
"Diagnostic","Serology","ASO Heaf Test"
"Diagnostic","Serology","HbsAg"
"Diagnostic","Serology","Screening For HIV 1 & 2"
"Diagnostic","Serology","Confirmatory Test For HIV 1 & 2"
"Vaccines","TYPHOID FEVER VACCINE","TYPHIM Vi (1 dose syringe) for 1 Adult"
"Vaccines","TYPHOID FEVER VACCINE","TYPHIM Vi (20 dose syringe) for 20 Adult"
"Vaccines","TYPHOID FEVER VACCINE","TYPHERIX (1 dose syringe) for 1 Adult"
"Vaccines","TYPHOID FEVER VACCINE","TYPBAR (1 dose vial) for 1 Adult"
"Vaccines","TYPHOID FEVER VACCINE","TYPBAR (5 dose vial) for 5 Adults"
"Vaccines","HEPATITIS A VACCINE","HAVRIX (1 dose syringe) for 1 Adult"
"Vaccines","HEPATITIS A VACCINE","ENGERIX B 20mcg (1 dose syringe) for 1 Adult"
"Vaccines","HEPATITIS A VACCINE","REVAC B+ (1ml vial X 1 dose) for 1 Adult"
"Vaccines","HEPATITIS A VACCINE","GENEVAC B+ (1ml vial X 1 dose) for 1 Adult"
"Vaccines","HEPATITIS A VACCINE","SHANVAC B 20mcg (1 dose) for 1 Adult"
"Vaccines","HEPATITIS A VACCINE"," REVAC 10ml vial for 10 Adult doses"
"Vaccines","DIPTHERIA, TETANUS, PERTUSIS, IPV","ADACEL (1 dose syringe) for 1 Adult"
"Vaccines","DIPTHERIA, TETANUS, IPV","DULTAVAX (1 dose syringe) for 1 Adult"
"Vaccines","PNEUMOCOCCAL VACCINE","PNEUMO-23 (1 dose syringe) for 1 Adult"
"Vaccines","RABIES VACCINE","VERORAB (1 dose syringe) for 1 Adult"
"Vaccines","RABIES VACCINE","INDIRAB for 1 Adult"
"Vaccines","INFLUENZA","VANXIGRIP 1 dose syringe for 1 Adult"
"Vaccines","CERVICAL CANCER","CERVARIX for 1 Adult"
"Vaccines","","GARDASIL for 1 Adult"
"Vaccines","MMR","TRIMOVAX (1 dose syringe) for 1 Paediatric Dose"
"Vaccines","MMR","PRIORIX (1 dose vial) for 1 Paediatric Dose"
"Vaccines","MMR","TRESIVAC (1 dose vial) for 1 Paediatric Dose"
"Vaccines","CHICKEN POX VACCINE","VARILRIX (1 dose syringe) for 1 Paediatric Dose"
"Vaccines","CHICKEN POX VACCINE","VARICELLA VACCINE (1 dose vial) for 1 Paediatric Dose"
"Vaccines","MMR + CHICKEN POX VACCINE","PRIORIX TETRA (1 dose syringe) for 1 Paediatric Dose"
"Vaccines","MEASLES","MVAC (1 dose vial) for 1 Paediatric Dose"
"Vaccines","HEPATITIS B VACCINE","ENGERIX B 10mcg (1 dose syringe) for 1 Paediatric Dose"
"Vaccines","HEPATITIS B VACCINE","REVAC B+ (0.5ml vial X 1 dose) for 1 Paediatric Dose"
"Vaccines","HEPATITIS B VACCINE","GENEVAC B (0.5ml vial X 1 dose) for 1 Paediatric Dose"
"Vaccines","HEPATITIS B VACCINE","SHANVAC B 10mcg (1 dose) for 1 Paediatric Dose"
"Vaccines","HEPATITIS B VACCINE "," (5ml vial for 10 Paediatric Doses)"
"Vaccines","MENINGITIS CONJUGATE VACCINE","NIMENRIX (1 dose syringe) for 1 Paediatric Dose"
"Vaccines","MENINGITIS VACCINE","MENCEVAX (1 dose vial) for 1 Paediatric Dose"
"Vaccines","MENINGOCOCCAL Vaccine ( A,C,W,V)",""
"Vaccines","HAEMOPHILUS INFULUENZA TYPE B","HIBERIX (1 dose syringe) for 1 Paediatric Dose"
"Vaccines","HIB + DPT + HEPATITIS B","PENTAVALENT (1 vial for 10 Paediatric Doses)"
"Vaccines","HIB + DPT + HEPATITIS B","PENTAVALENT (1 dose syringe) for 1 Paediatric Dose"
"Vaccines","HIB + DPaT + IPV","PENTAXIM (1 dose syringe) for 1 Paediatric Dose"
"Vaccines","DTaP+IPV","TETRAXIM (1 dose syringe) for 1 Paediatric Dose"
"Vaccines","DTaP+IPV","TETRAVALENT ( 1 dose syringe) for 1 Paediatric Dose"
"Vaccines","ROTAVIRUS VACCINE_","ROTARIX (1 dose syringe) for 1 Paediatric Dose"
"Vaccines","PNEUMOCOCCAL CONJUGATE_","SYNFLORIX (1 dose syringe) for 1 Paediatric Dose"
"Vaccines","PNEUMOCOCCAL CONJUGATE","PREVENER 13 (1 dose syringe) for 1 Paediatric Dose"
"Vaccines","PNEUMOCOCCAL CONJUGATE","PREVENER 13 (1 dose syringe for 10 Paediatric Doses)"
"Clinics","General Physician","Consultation"
"Clinics","General Physician","Follow Consultation"
"Clinics","Psychiatrist","Consultation"
"Clinics","Psychiatrist","Follow-up Consultation"
"Clinics","Hypertension","Consultation"
"Clinics","Hypertension","Follow-up Consultation"
"Clinics","Diabetes","Consultation"
"Clinics","Diabetes","Follow-up Consultation"
"Clinics","Cardiology","Consultation"
"Clinics","Cardiology","Follow-up Consultation"
"Clinics","Pulmonology","Consultation"
"Clinics","Pulmonology","Follow-up Consultation"
"Clinics","Nephrology","Consultation"
"Clinics","Nephrology","Follow-up Consultation"
"Clinics","Rheumatology","Consultation"
"Clinics","Rheumatology","Follow-up Consultation"
"Clinics","Endocrinology","Consultation"
"Clinics","Endocrinology","Follow-up Consultation"
"Clinics","Pain","Consultation"
"Clinics","Pain","Follow-up Consultation"
"Clinics","Arthritis","Consultation"
"Clinics","Arthritis","Follow-up Consultation"
"Clinics","Ante-Natal ","Consultation"
"Clinics","Ante-Natal ","Follow-up Consultation"
"Clinics","Geriatric","Consultation"
"Clinics","Geriatric","Follow-up Consultation"
"Clinics","Urology","Consultation"
"Clinics","Urology","Follow-up Consultation"
"Clinics","Neurology","Consultation"
"Clinics","Neurology","Follow-up Consultation"
"Clinics","Gastro-Intestinal","Consultation"
"Clinics","Gastro-Intestinal","Follow-up Consultation"
"Clinics","NeuroSurgery","Consultation"
"Clinics","NeuroSurgery","Follow-up Consultation"
"Clinics","Physiotherapy","Consultation"
"Clinics","Oncology Consultation","Consultation"
"Clinics","Oncology Consultation","Follow-up Consultation"
"Clinics","Paediatrics","Consultation"
"Clinics","Paediatrics","Follow-up Consultation"
"Clinics","ENT","ENT Consultation"
"Clinics","ENT","Follow-up Consultation"
"Clinics","Dermatology","Dermatology Consultation"
"Clinics","Dermatology","Follow-up Consultation"
"Clinics","Paediatric Surgeon","Paediatric Surgeon Consultation"
"Clinics","Paediatric Surgeon","Follow-up Consultation"
"Clinics","Orthopaedic Surgeon","Orthopaedic Surgeon Consultation"
"Clinics","Orthopaedic Surgeon","Follow-up Consultation"
"Clinics","Opthalmologist","Opthalmologist Consultation"
"Clinics","Opthalmologist","Follow-up Consultation"
"Clinics","Sleep Clinic","Sleep Therapy"
"Procedures","DENTAL","Dental  Apicectomy"
"Procedures","DENTAL","Dental Alveoloplasty"
"Procedures","DENTAL","Dental Bite Plane"
"Procedures","DENTAL","Dental Bleaching (Tooth Whitening) - Full Mouth"
"Procedures","DENTAL","Dental Bleaching (Tooth Whitening) - Single Arch"
"Procedures","DENTAL","Dental Crown - Full Ceramic"
"Procedures","DENTAL","Dental Crown - Metal"
"Procedures","DENTAL","Dental Crown - Metal Ceramic"
"Procedures","DENTAL","Dental Cyst Removal - Big"
"Procedures","DENTAL","Dental Cyst Removal - Small"
"Procedures","DENTAL","Dental Fillings - Silver Amalgam"
"Procedures","DENTAL","Dental Fillings - Tooth Color Filling"
"Procedures","DENTAL","Dental Flap Surgery With Grafting (Per Quadran)"
"Procedures","DENTAL","Dental Fracture Reduction (WO OT Charges)"
"Procedures","DENTAL","Dental Full Denture - Flexible"
"Procedures","DENTAL","Dental Gingivectomy / Gingivoplasty"
"Procedures","DENTAL","Dental IMF"
"Procedures","DENTAL","Dental Implant - With Crown"
"Procedures","DENTAL","Dental IOPA -Small Dental Xray"
"Procedures","DENTAL","Dental OPG"
"Procedures","DENTAL","Dental Orthodontic - Invisaline"
"Procedures","DENTAL","Dental Orthodontic -Regular"
"Procedures","DENTAL","DENTAL ORTHODONTICS TOOTH COLORED SINGLE ARCH"
"Procedures","DENTAL","Dental Othodontic - Lingual"
"Procedures","DENTAL","Dental Othodontic - Tooth Colored"
"Procedures","DENTAL","Dental Partial Denture - Cast Partial (Per Tooth)"
"Procedures","DENTAL","Dental Partial Denture - Regular (Per Tooth)"
"Procedures","DENTAL","Dental Post and Core"
"Procedures","DENTAL","Dental Registration"
"Procedures","DENTAL","Dental Root Canal Anteriors"
"Procedures","DENTAL","Dental Root Canel Posteriors"
"Procedures","DENTAL","Dental Single Arch Denture"
"Procedures","DENTAL","Dental Single Arch Orthodontics"
"Procedures","DENTAL","Dental Single Jaw Flexible Denture"
"Procedures","DENTAL","Dental Single Jaw Metallic"
"Procedures","DENTAL","Dental Single Jaw Tooth Colored"
"Procedures","DENTAL","Dental Tooth Cleaning (Full Mouth)"
"Procedures","DENTAL","Dental Tooth Removal - Milk Tooth"
"Procedures","DENTAL","Dental Tooth Removal - Normal"
"Procedures","DENTAL","Dental Tooth Removal - Wisdom"
"Procedures","DENTAL","Dental Tooth Tatoo"
"Procedures","DENTAL","Dental Zirconia Diamond Studs"
"Procedures","DENTAL","Surgical Extraction"
"Procedures","DENTAL","Dental Crowns"
"Procedures","DENTAL","Bridgeworks"
"Procedures","DENTAL","Implants"
"Procedures","DENTAL","Braces"
"Procedures","DENTAL","Root Canal Therapy"
"Procedures","EYE","Lenses & Frames "
"Procedures","EYE","Visual Acuity"
"Procedures","Excisions and Biopsy","Excision of tumour on abdominal wall"
"Procedures","Excisions and Biopsy","Biopsy Of Tumor Of Abdominal Wall"
"Procedures","Excisions and Biopsy","Breast Lump Excision (Excluding Histology)"
"Procedures","Excisions and Biopsy","Ganglion Excision"
"Procedures","Excisions and Biopsy","Injection Sclerotherapy Of Varicose Veins"
"Procedures","Excisions and Biopsy","Incision & Drainage (I & D)"
"Procedures","Excisions and Biopsy","Ingrowing  Nail (Excision)"
"Procedures","Excisions and Biopsy","Keloid Excision (Minor)"
"Procedures","Excisions and Biopsy","Lumps Excision(Lumpectomy)"
"Procedures","Excisions and Biopsy","Excisional Biopsy(Excluding Histology)"
"Procedures","Excisions and Biopsy","Cystic Hygroma Excision"
"Procedures","Excisions and Biopsy","Small Cyst Excision"
"Procedures","Excisions and Biopsy","Keloid Excision (Major)"
"Procedures","Excisions and Biopsy","Liver/Kidney/Bone Marrow Biopsy"
"Procedures","Excisions and Biopsy","Thyroglossal Cysts And Fistula Excision"
"Procedures","Excisions and Biopsy","Excision Of Intrascrotal Mass"
"Procedures","Endoscopy","Bronchoscopy"
"Procedures","Endoscopy","Endoscopy Of The GIT"
"Procedures","Endoscopy","Oesophagoscopy"
"Procedures","Endoscopy","Proctoscopy"
"Procedures","Endoscopy","Sigmoidoscopy"
"Procedures","Endoscopy","Colonscopy"
"Procedures","Endoscopy","Hysteroscopy"
"Procedures","Procedures","Proctoscopy"
"Procedures","Chest & Abdomino-Pelvic Procedures","Intercostal Drainage Insertion(Thoracostomy)"
"Procedures","Chest & Abdomino-Pelvic Procedures","Major Surgical Incision And Drainage "
"Procedures","Chest & Abdomino-Pelvic Procedures","Suprapubic Cystostomy"
"Procedures","Chest & Abdomino-Pelvic Procedures","Surgical Release In Stenosing Tenosynovitis"
"Procedures","Chest & Abdomino-Pelvic Procedures","Synovectomy"
"Procedures","Chest & Abdomino-Pelvic Procedures","Tracheostomy"
"Procedures","Chest & Abdomino-Pelvic Procedures","Abdominal Rectopexy"
"Procedures","Chest & Abdomino-Pelvic Procedures","Anal Fistulectomy Repair"
"Procedures","Chest & Abdomino-Pelvic Procedures","Anal Spincteroplasty"
"Procedures","Chest & Abdomino-Pelvic Procedures","Appendicectomy"
"Procedures","",""
"Procedures","Chest & Abdomino-Pelvic Procedures","Dissection Of Femoral Triangle"
"Procedures","Chest & Abdomino-Pelvic Procedures","Epigastric Herniorrhaphy"
"Procedures","Chest & Abdomino-Pelvic Procedures","Fistula In-Ano Repair"
"Procedures","Chest & Abdomino-Pelvic Procedures","Haemorrhoidectomy"
"Procedures","Chest & Abdomino-Pelvic Procedures","Herniorraphy _ Inguinal/Others"
"Procedures","Chest & Abdomino-Pelvic Procedures","Hydrocoelectomy"
"Procedures","Chest & Abdomino-Pelvic Procedures","Multiple Ligation Of Veins"
"Procedures","Chest & Abdomino-Pelvic Procedures","Orchidectomy/Orchidopexy"
"Procedures","Chest & Abdomino-Pelvic Procedures","Pericardiocentesis"
"Procedures","Chest & Abdomino-Pelvic Procedures","Surgery Of Torsion Of Spermatic Cord"
"Procedures","Chest & Abdomino-Pelvic Procedures","Surgical Correction Of Dupuytrens Contracture"
"Procedures","Chest & Abdomino-Pelvic Procedures","Surgical Drainage Of Anal Abscess"
"Procedures","Chest & Abdomino-Pelvic Procedures","Synovectomy"
"Procedures","Chest & Abdomino-Pelvic Procedures","Thoracotomy"
"Procedures","Chest & Abdomino-Pelvic Procedures","Varicocoelectomy"
"Procedures","Chest & Abdomino-Pelvic Procedures","Vasectomy"
"Procedures","Chest & Abdomino-Pelvic Procedures","Cavernospongiosum Shunt"
"Procedures","Chest & Abdomino-Pelvic Procedures","Colostomy Construction/Closure"
"Procedures","Chest & Abdomino-Pelvic Procedures","Diverticulectomy"
"Procedures","Chest & Abdomino-Pelvic Procedures","Hiatus Herniorrphaphy"
"Procedures","Chest & Abdomino-Pelvic Procedures","Laparotomy"
"Procedures","Chest & Abdomino-Pelvic Procedures","Local Resection Of Pelvic Tumor"
"Procedures","Chest & Abdomino-Pelvic Procedures","Oesophagostomy"
"Procedures","Chest & Abdomino-Pelvic Procedures","Oophorectomy"
"Procedures","Chest & Abdomino-Pelvic Procedures","Retroperitoneal Drainage Of Perinephric Abscess"
"Procedures","Chest & Abdomino-Pelvic Procedures","Surgery Of Uncomplicated Intestinal Obstruction Without  Resection"
"Procedures","Chest & Abdomino-Pelvic Procedures","Transrectal Biopsy Of Prostate/Prostatectomy"
"Procedures","Chest & Abdomino-Pelvic Procedures","Uretherectomy"
"Procedures","Chest & Abdomino-Pelvic Procedures","Acute Intra Abdominal Vascular Disease Surgery"
"Procedures","Chest & Abdomino-Pelvic Procedures","Axillary Dissection Of Breast"
"Procedures","Chest & Abdomino-Pelvic Procedures","Bowel Resection And Anastomosis"
"Procedures","Chest & Abdomino-Pelvic Procedures","Cholecystectomy"
"Procedures","Chest & Abdomino-Pelvic Procedures","Choledochojejunostomy"
"Procedures","Chest & Abdomino-Pelvic Procedures","Cystectomy Partial/Total"
"Procedures","Chest & Abdomino-Pelvic Procedures","Diaphragmatic Hernia Repair"
"Procedures","Chest & Abdomino-Pelvic Procedures","Excision Of Lymphoedematous Lymph Tissues"
"Procedures","Chest & Abdomino-Pelvic Procedures","Exploratory Laparotomy/Lysis Of Adhensions"
"Procedures","Chest & Abdomino-Pelvic Procedures","Gastroenterostomy"
"Procedures","Chest & Abdomino-Pelvic Procedures","Intussusception Operation"
"Procedures","Chest & Abdomino-Pelvic Procedures","Meckels Diverticulectomy"
"Procedures","Chest & Abdomino-Pelvic Procedures","Pyeloroplasty"
"Procedures","Chest & Abdomino-Pelvic Procedures","Pyelotomy"
"Procedures","Chest & Abdomino-Pelvic Procedures","Renal Cystectomy"
"Procedures","Chest & Abdomino-Pelvic Procedures","Repair Of Gastric Lacerations"
"Procedures","Chest & Abdomino-Pelvic Procedures","Repair Of Oesophageal Lacerations"
"Procedures","Chest & Abdomino-Pelvic Procedures","Resection And Anstomoses (Small/Large Intestines)"
"Procedures","Chest & Abdomino-Pelvic Procedures","Roux-En-Y Pancreaticojejunostomy"
"Procedures","Chest & Abdomino-Pelvic Procedures","Splenorrhaphy/ Splenectomy"
"Procedures","Chest & Abdomino-Pelvic Procedures","Surgery Of Complications Of Appendicitis"
"Procedures","Chest & Abdomino-Pelvic Procedures","Surgery Of Hepatic Trauma"
"Procedures","Chest & Abdomino-Pelvic Procedures","Surgery Of Small/Large Bowel Perforations"
"Procedures","Chest & Abdomino-Pelvic Procedures","Abdomino-Perineal Resection"
"Procedures","Chest & Abdomino-Pelvic Procedures","Adrenalectomy"
"Procedures","Chest & Abdomino-Pelvic Procedures","Decortication"
"Procedures","Chest & Abdomino-Pelvic Procedures","Encephalocoele Excision"
"Procedures","Chest & Abdomino-Pelvic Procedures","Extended Radical Mastectomy"
"Procedures","Chest & Abdomino-Pelvic Procedures","Gastrectomy/Colectomy-Partial Or Total"
"Procedures","Chest & Abdomino-Pelvic Procedures","Mammoplasty"
"Procedures","Chest & Abdomino-Pelvic Procedures","Nephrectomy"
"Procedures","Chest & Abdomino-Pelvic Procedures","Nephrolithotomy/Urethrotomy/Urethroplasty"
"Procedures","Chest & Abdomino-Pelvic Procedures","Oesophagectomy"
"Procedures","Chest & Abdomino-Pelvic Procedures","Pancreatectomy"
"Procedures","Chest & Abdomino-Pelvic Procedures","Pelvic Evisceration"
"Procedures","Chest & Abdomino-Pelvic Procedures","Pericardiectomy"
"Procedures","Chest & Abdomino-Pelvic Procedures","Pleurectomy"
"Procedures","Chest & Abdomino-Pelvic Procedures","Pneumonectomy"
"Procedures","Chest & Abdomino-Pelvic Procedures","Prostatectomy, Retropubic/Transvesical"
"Procedures","Chest & Abdomino-Pelvic Procedures","Radical Mastectomy"
"Procedures","Chest & Abdomino-Pelvic Procedures","Splenectomy"
"Procedures","Chest & Abdomino-Pelvic Procedures","Submandibular Sialoadenectomy"
"Procedures","Chest & Abdomino-Pelvic Procedures","Thoracectomy/Thoracoplasty"
"Procedures","Chest & Abdomino-Pelvic Procedures","Thyroidectomy"
"Procedures","Chest & Abdomino-Pelvic Procedures","Vagotomy/Pyloroplasty"
"Procedures","Orthopaedic Prcedures  ","Close Reduction Of Fracture And Application Cast"
"Procedures","Orthopaedic Prcedures  ","Amputation And Disarticulation Of Joints."
"Procedures","Orthopaedic Prcedures  ","Amputation And Limb Substitution"
"Procedures","Orthopaedic Prcedures  ","Arthroplasty/Arthrodesis"
"Procedures","Orthopaedic Prcedures  ","Bone Grafting"
"Procedures","Orthopaedic Prcedures  ","Chondromectomy"
"Procedures","Orthopaedic Prcedures  ","Congenital Talipes  Equanovarus/Valgus Surgical Repair"
"Procedures","Orthopaedic Prcedures  ","ORIF with Implant (with hospitalisation)"
"Procedures","Orthopaedic Prcedures  ","Removal of Implant"
"Procedures","Orthopaedic Prcedures  ","Sequestrectomy"
"Procedures","Orthopaedic Prcedures  ","Subperiosteal Drainage Of Acute Osteomyelitis"
"Procedures","Orthopaedic Prcedures  ","Tendon Transplant/Tenoplasty"
"Procedures","Orthopaedic Prcedures  ","Close Reduction Of Fracture And Application Cast"
"Procedures","Orthopaedic Prcedures  ","Drainage Of Septic Arthritis"
"Procedures","Orthopaedic Prcedures  ","Skin Traction(Procedure+Material)"
"Procedures","Orthopaedic Prcedures  ","Simple Congenital Talipes Repair "
"Procedures","Orthopaedic Prcedures  ","OPEN REDUCTION AND INTERNAL FIXATION OF FRACTURES OF:"
"Procedures","Orthopaedic Prcedures  ","OPEN REDUCTION AND INTERNAL FIXATION OF FRACTURES OF PECTORAL GIRDLE"
"Procedures","Orthopaedic Prcedures  ","OPEN REDUCTION AND INTERNAL FIXATION OF FRACTURES OF FORE-ARM"
"Procedures","Orthopaedic Prcedures  ","OPEN REDUCTION AND INTERNAL FIXATION OF FRACTURES OF HAND"
"Procedures","Orthopaedic Prcedures  ","OPEN REDUCTION AND INTERNAL FIXATION OF FRACTURES OF PELVIC GIRDLE"
"Procedures","Orthopaedic Prcedures  ","OPEN REDUCTION AND INTERNAL FIXATION OF FRACTURES OF THIGH"
"Procedures","Orthopaedic Prcedures  ","OPEN REDUCTION AND INTERNAL FIXATION OF FRACTURES OF LEG"
"Procedures","Orthopaedic Prcedures  ","OPEN REDUCTION AND INTERNAL FIXATION OF FRACTURES OF FOOT"
"Procedures","Orthopaedic Prcedures  ","OPEN REDUCTION AND INTERNAL FIXATION OF FRACTURES OF RIBS"
"Procedures","Orthopaedic Prcedures  ","OPEN REDUCTION AND INTERNAL FIXATION OF FRACTURES OF SPINAL COLUMN"
"Procedures","Orthopaedic Prcedures  ","OSTEOCLASIS, INTERNAL FIXATION OF MALUNION"
"Procedures","Orthopaedic Prcedures  ","BONE GRAFTING"
"Procedures","Orthopaedic Prcedures  ","AMPUTATION AND LIMB SUBSTITUTION"
"Procedures","Obstetrics/Gyneacological Procedures"," Salpingectomy"
"Procedures","Obstetrics/Gyneacological Procedures","Ultrasound Scan (Obstetric)"
"Procedures","Obstetrics/Gyneacological Procedures","IUCD Insertion"
"Procedures","Obstetrics/Gyneacological Procedures","IUCD Removal"
"Procedures","Obstetrics/Gyneacological Procedures","Excision/Diathermy Of Warts"
"Procedures","Obstetrics/Gyneacological Procedures","Cervical Cautery"
"Procedures","Obstetrics/Gyneacological Procedures","Cervical Cone/Punch Biopsy"
"Procedures","Obstetrics/Gyneacological Procedures","Colposcopy"
"Procedures","Obstetrics/Gyneacological Procedures","ARTIFICIAL INSEMINATION"
"Procedures","Obstetrics/Gyneacological Procedures","MVA/ERCP/Evacuation"
"Procedures","Obstetrics/Gyneacological Procedures","Cervical Laceration Repair"
"Procedures","Obstetrics/Gyneacological Procedures","Removal Of IUCD Under General Anaesthesia"
"Procedures","Obstetrics/Gyneacological Procedures","Examination Under Anaesthesia (EUA)"
"Procedures","Obstetrics/Gyneacological Procedures","Repair Of Third Degree Tear"
"Procedures","Obstetrics/Gyneacological Procedures","Excision Of Vaginal Septum"
"Procedures","Obstetrics/Gyneacological Procedures","Hydrotubation"
"Procedures","Obstetrics/Gyneacological Procedures","Marsupialisation"
"Procedures","Obstetrics/Gyneacological Procedures","Pelvic/abdominal abscess drainage"
"Procedures","Obstetrics/Gyneacological Procedures","Hysteroscopy"
"Procedures","Obstetrics/Gyneacological Procedures","Laparoscopy & Dye Test"
"Procedures","Obstetrics/Gyneacological Procedures","Bilateral Tubal Ligation"
"Procedures","Obstetrics/Gyneacological Procedures","Cervical Cerclage/Shirodkar Suture"
"Procedures","Obstetrics/Gyneacological Procedures","Destructive Delivery (Craniotomy-Embryotomy)"
"Procedures","Obstetrics/Gyneacological Procedures","Diagnostic Laparoscopy"
"Procedures","Obstetrics/Gyneacological Procedures","Caesarean section"
"Procedures","Obstetrics/Gyneacological Procedures","Repair of ruptured  uterus"
"Procedures","Obstetrics/Gyneacological Procedures","Colporrhaphy/colpoperineorrhaphy"
"Procedures","Obstetrics/Gyneacological Procedures","Ectopic pregnancy"
"Procedures","Obstetrics/Gyneacological Procedures","Hysterectomy"
"Procedures","Obstetrics/Gyneacological Procedures","Hysterectomy and bilateral salpingooophorectomy"
"Procedures","Obstetrics/Gyneacological Procedures","Myomectomy"
"Procedures","Obstetrics/Gyneacological Procedures","Salpingo-oophorectomy"
"Procedures","Obstetrics/Gyneacological Procedures","Ovarectomy/ovarian cysts"
"Procedures","Obstetrics/Gyneacological Procedures","Vesicovaginal/Rectovaginal fistula repair"
"Procedures","Obstetrics/Gyneacological Procedures","Rhogam Injection"
"Procedures","Ante-Natal Care","ANC Care"
"Procedures","Ante-Natal Care","Normal Delivery"
"Procedures","Ante-Natal Care","Assisted Delivery"
"Procedures","Ante-Natal Care","(Forceps,Vaccum etc)"
"Procedures","Ante-Natal Care","Twin Delivery"
"Procedures","Ear/Nose/Throat Procedures   ","Foreign Body Removal From The Ear, Nose And Throat"
"Procedures","Ear/Nose/Throat Procedures   ","Electrocautery Of Nose"
"Procedures","Ear/Nose/Throat Procedures   ","Nasal Packing"
"Procedures","Ear/Nose/Throat Procedures   ","Aural And Nasal Suction/Clearance"
"Procedures","Ear/Nose/Throat Procedures   ","Incision And Drainage Of Abscess"
"Procedures","Ear/Nose/Throat Procedures   ","Debridement And Toilet Of Wounds"
"Procedures","Ear/Nose/Throat Procedures   ","Suturing Of Lacerations"
"Procedures","Ear/Nose/Throat Procedures   ","Manipulation Of Nose"
"Procedures","Ear/Nose/Throat Procedures   ","Pure Tone Audiometry"
"Procedures","Ear/Nose/Throat Procedures   ","Tympanometry"
"Procedures","Ear/Nose/Throat Procedures   ","Aesthetic And Reconstructive Surgery"
"Procedures","Ear/Nose/Throat Procedures   ","Antral Larvage"
"Procedures","Ear/Nose/Throat Procedures   ","Cystic/Fibrous Dysplasia/ Cancer Surgery"
"Procedures","Ear/Nose/Throat Procedures   ","Indirect Laryngoscopy"
"Procedures","Ear/Nose/Throat Procedures   ","Laryngeal Surgery"
"Procedures","Ear/Nose/Throat Procedures   ","Mastoid Surgery"
"Procedures","Ear/Nose/Throat Procedures   ","Multiple Nasal Polypectomy"
"Procedures","Ear/Nose/Throat Procedures   ","Nasal Sinus Surgery E.G Caldwell Luc"
"Procedures","Ear/Nose/Throat Procedures   ","Odontogenic Tumours."
"Procedures","Ear/Nose/Throat Procedures   ","Parotidectomy"
"Procedures","Ear/Nose/Throat Procedures   ","Submandibular Gland Excision"
"Procedures","Ear/Nose/Throat Procedures   ","Tympanoplasty"
"Procedures","Ear/Nose/Throat Procedures   ","CLEFT LIP AND PALATE REPAIRS."
"Procedures","Ear/Nose/Throat Procedures   ","TRACHEOSTOMY"
"Procedures","Ear/Nose/Throat Procedures   ","TONSILECTOMY"
"Procedures","Ear/Nose/Throat Procedures   ","ADENOIDECTOMY"
"Procedures","Ear/Nose/Throat Procedures   ","REMOVAL OF  IMPACTED CERUMEN (SYRINGING/TOILETING)"
"Procedures","Opthalmology Procedures","Granuloma Excision"
"Procedures","Opthalmology Procedures","Chalazion Surgery"
"Procedures","Opthalmology Procedures","Pterygium Excision"
"Procedures","Opthalmology Procedures","Corneal Laceration Repair"
"Procedures","Opthalmology Procedures","Glaucoma (Trabeculectomy)"
"Procedures","Opthalmology Procedures","Extracapsular/Intracapsular Cataract Extraction"
"Procedures","Opthalmology Procedures","Minor"
"Procedures","Opthalmology Procedures","Bowman's Cautery"
"Procedures","Opthalmology Procedures","Conjunctival Laceration Repair"
"Procedures","Opthalmology Procedures","Diode Laser Cycloablation"
"Procedures","Opthalmology Procedures","Entropion And Ectropion Repairs"
"Procedures","Opthalmology Procedures","Syringing And Probing"
"Procedures","Opthalmology Procedures","Traumatic Lid Laceration Repair"
"Procedures","Opthalmology Procedures","Tumor Excision From Lid"
"Procedures","Opthalmology Procedures","Conjuctivectomy And Cryoapplication"
"Procedures","Opthalmology Procedures","Dacrocystorhinostomy"
"Procedures","Opthalmology Procedures","Evisceration/Enucleation/Exenteration"
"Procedures","Opthalmology Procedures","Intraocular Lens Implantation"
"Procedures","Opthalmology Procedures","Paracentesis (A/C Washout)"
"Procedures","Opthalmology Procedures","Penetrating Keratoplasty (PKP)"
"Procedures","Opthalmology Procedures","Ptosis Repair"
"Procedures","Opthalmology Procedures","Retinal Detachment Surgery"
"Procedures","Opthalmology Procedures","Squint Surgery"
"Procedures","Opthalmology Procedures","Traumatic Cannalicular Repair"
"Procedures","Opthalmology Procedures","Traumatic Corneal And/or Scleral Laceration Repair"
"Procedures","Opthalmology Procedures","DIODE LASER PANRETINAL PHOTOCOAGULATION"
"Procedures","Critical Care Procedures","CRITICAL CARE (IN ICU)"
"Procedures","Critical Care Procedures","OXYGEN THERAPY"
"Procedures","Critical Care Procedures","CRITICAL CARE (IN ICU) PER DAY"
"Procedures","Critical Care Procedures","OXYGEN THERAPY"
"Procedures","Critical Care Procedures","NEBULISATION"
"Procedures","Critical Care Procedures","GASTRIC LAVAGE"
"Procedures","Mental Health Procedures","ELECTRO-CONVULSIVE THERAPY per treatment"
"Procedures","Mental Health Procedures","ELECTRO-NARCOSIS per COURSE "
"Procedures","Mental Health Procedures","SLEEP (REM) DEPRIVATION THERAPY"
"Procedures","Mental Health Procedures","MANAGEMENT OF DRUG USE PROBLEMS "
"Procedures","Mental Health Procedures","DETOXIFICATION IN HOSPITAL FOR 7-10 DAYS"
"Procedures","Mental Health Procedures","MANAGEMENT OF DRUG PROBLEMS _ MEDICATION,"
"Procedures","Mental Health Procedures","PSYCHOTHERAPY, FAMILY INTERVENTION"
"Procedures","Mental Health Procedures","COMPREHENSIVE PSYCHIATRIC ASSESSMENT"
"Procedures","Mental Health Procedures","PSYCHOMETRIC ASSESSMENT, SCORING & INTERPRETATION"
"Procedures","Mental Health Procedures","PSYCHOTHERAPIES per session"
"Procedures","Cranial Procedures","Craniotomy"
"Procedures","Cranial Procedures","Subdural Tap"
"Procedures","Other Procedures","Renal dialysis"
"Procedures","Other Procedures","Audiometry"
"Procedures","Other Procedures","Skin Grafting"
"Procedures","Other Procedures","Aspirations / Paracentesis"
"Procedures","Other Procedures","Evacuation Of Impacted Feaces"
"Procedures","Other Procedures","Gastric Lavage"
"Procedures","Other Procedures","Incubator Care / Day"
"Procedures","Other Procedures","Lumbar Puncture"
"Procedures","Other Procedures","Nebulisation"
"Procedures","Other Procedures","Oxygen Therapy / Day"
"Procedures","Other Procedures","Phototherapy / Day"
"Procedures","Other Procedures","Cauterization "
"Procedures","Other Procedures","Circumcision"
"Procedures","Other Procedures","Clucthes"
"Procedures","Other Procedures","Congenital Multiple Digits Or Syndactyly"
"Procedures","Other Procedures","Ear Piercing"
"Procedures","Other Procedures","Knee Effusion Taps"
"Procedures","Other Procedures","Major Wound Dressing"
"Procedures","Other Procedures","Minor Wound Dressing"
"Procedures","Other Procedures","Tongue Tie Release"
"Procedures","Other Procedures","Minor Debridement Of Burns"
"Procedures","Other Procedures","Relase Of Chordate"
"Procedures","Other Procedures","Repair Of Minor Laceration"
"Procedures","Other Procedures","Exchange Blood Transfusion (Rh +Ve Blood With Set)"
"Procedures","Other Procedures","Exchange Blood Transfusion (Rh -Ve Blood With Set)"
"Procedures","Other Procedures","6 Courses of Podophyllin Painting X for Perineal Warts"
"Cancer Screening","Breast Cancer","Mammography"
"Cancer Screening","Cervical Cancer","PAP Smears  for cytological examination -  [Pap smear] "
"Cancer Screening","Cancer Screening","Prostate Cancer"
"Cancer Screening","Cancer Screening","Colon Cancer"
"Cancer Screening","Cancer Screening","Uterine Cancer"
"Cancer Screening","Cancer Screening","Liver Cancer"
"Cancer Screening","Cancer Screening","Lung Cancer"
"Cancer Screening","Cancer Screening","Stomach Cancer"
"Cancer Screening","Cancer Screening","Brain Cancer"
"Health Checks","Health Checks","Glaucoma Eye Test"
"Health Checks","Health Checks","Audiological Ear Assessment"
"Health Checks","Health Checks","Liver Test"
"Health Checks","Health Checks","Kidney Test"
"Health Checks","Health Checks","Thyroid Test"
"Health Checks","Health Checks","Hepatitis B Test"
"Health Checks","Health Checks","Basic Health Check"
"Health Checks","Health Checks","Comprehensive Health Check"
"Health Checks","Health Checks","Diabetes HbAic Test"
"Health Checks","Health Checks","Pre Employment Tests"
"Heart Tracker","Heart Tracker","Heart Tracker"
"Foreign Medical Treatment","Foreign Medical Treatment","Foreign Medical Treatment"
"Medical Concierge","Medical Concierge","Medical Concierge"
"Others","Health Insurance","Health Insurance"
"Talk To A Doctor","Talk To A Doctor","Talk To A Doctor"
"Gym & Fitness Services","Gym & Fitness Services","Gym & Fitness Services"
"Weight Management","Weight loss counselling and wellness","Weight loss counselling and wellness"
"Weight Management","Dietician Consultation","Dietician Consultation"
"Ambulance & Medical Assistance","Vehicle Ambulance & Medical Assistance","Evacuation from Home to Hospital"
"Ambulance & Medical Assistance","Vehicle Ambulance & Medical Assistance","Evacuation from hospital to hospital"
"Ambulance & Medical Assistance","Vehicle Ambulance & Medical Assistance","Evacuation from accident site to hospital"
"Ambulance & Medical Assistance","Air Ambulance","Air Ambulance"
